fiscal_year_end,issuer,security_as_filed,shares,market_value_usd,pct_of_net_assets,country,source
2007-11-30,Gazprom,Gazprom ADR,717731.0,37797796,3.541,Russia,N-CSR
2007-11-30,Petrobras,Petroleo Brasileiro ADR,444100.0,36047596,3.377,Brazil,N-CSR
2007-11-30,Vale,Cia Vale do Rio Doce Class A 2.59%,1124386.0,32708612,3.0642,Brazil,N-CSR
2007-11-30,Samsung Electronics,Samsung Electronics,46700.0,28668063,2.6857,South Korea,N-CSR
2007-11-30,China Unicom,China Unicom,11582979.0,27104821,2.5392,China,N-CSR
2007-11-30,Eletrobras,Centrais Eletricas Brasileiras,1936182.0,27000921,2.5295,Brazil,N-CSR
2007-11-30,LUKOIL,LUKOIL ADR (London International Exchange),220000.0,19023334,1.7821,Russia,N-CSR
2007-11-30,Buenaventura,Cia de Minas Buenaventura ADR,294600.0,16447518,1.5408,Peru,N-CSR
2007-11-30,China Telecom,China Telecom,18606581.0,14973015,1.4027,China,N-CSR
2007-11-30,Bukit Asam,Tambang Batubara Bukit Asam,10808415.0,14026150,1.314,Indonesia,N-CSR
2007-11-30,Grupo Televisa,Grupo Televisa ADR,571300.0,13808322,1.2936,Mexico,N-CSR
2007-11-30,Samsung Electronics,Samsung Electronics 0.13%,31362.0,13766727,1.2897,South Korea,N-CSR
2007-11-30,Evergreen Marine,Evergreen Marine,15813000.0,13693316,1.2828,Taiwan,N-CSR
2007-11-30,China Netcom Group,China Netcom Group ADR,203300.0,13025431,1.2202,China,N-CSR
2007-11-30,Anglo American,Anglo American,189468.0,12769456,1.1963,United Kingdom,N-CSR
2007-11-30,Standard Bank,Standard Bank Group,802576.0,12384316,1.1602,South Africa,N-CSR
2007-11-30,Lehman CW12 Indian Oil,Lehman CW12 Indian Oil 144A,2542866.0,11938584,1.1184,India,N-CSR
2007-11-30,ArcelorMittal Steel South Africa,ArcelorMittal Steel South Africa,560310.0,11406270,1.0686,South Africa,N-CSR
2007-11-30,KT,KT,213064.0,11291312,1.0578,South Korea,N-CSR
2007-11-30,Reliance Industries,Reliance Industries GDR 144A,76304.0,11159460,1.0454,India,N-CSR
2007-11-30,Turkiye Is Bankasi,Turkiye Is Bankasi Class C,1710014.0,10953142,1.0261,Turkey,N-CSR
2007-11-30,Formosa Chemicals & Fibre,Formosa Chemicals & Fibre,4270420.0,10933070,1.0242,Taiwan,N-CSR
2007-11-30,Kookmin Bank,Kookmin Bank,149755.0,10831152,1.0147,South Korea,N-CSR
2007-11-30,Mobile Telesystems,Mobile Telesystems ADR,119000.0,10793300,1.0111,Russia,N-CSR
2007-11-30,Polski Koncern Naftowy Orlen,Polski Koncern Naftowy Orlen,507076.0,10747295,1.0068,Poland,N-CSR
2007-11-30,PetroChina,PetroChina ADR,55800.0,10699092,1.0023,China,N-CSR
2007-11-30,Sasol,Sasol,211437.0,10690059,1.0015,South Africa,N-CSR
2007-11-30,Walsin Lihwa,Walsin Lihwa,24255000.0,10640797,0.9968,Taiwan,N-CSR
2007-11-30,KazMunaiGas Exploration Production,KazMunaiGas Exploration Production GDR,405541.0,10544066,0.9878,Kazakhstan,N-CSR
2007-11-30,Energias do Brasil,Energias do Brasil,701200.0,10502159,0.9839,Brazil,N-CSR
2007-11-30,Israel Chemicals,Israel Chemicals,982363.0,10499304,0.9836,Israel,N-CSR
2007-11-30,Votorantim Celulose e Papel,Votorantim Celulose e Papel ADR,308658.0,10253619,0.9606,Brazil,N-CSR
2007-11-30,China Steel,China Steel,7704170.0,10241500,0.9594,Taiwan,N-CSR
2007-11-30,SK Telecom,SK Telecom,37180.0,10013259,0.9381,South Korea,N-CSR
2007-11-30,Telkom,Telkom,456644.0,9804109,0.9185,South Africa,N-CSR
2007-11-30,Korea Electric Power,Korea Electric Power,220420.0,9283531,0.8697,South Korea,N-CSR
2007-11-30,Uni-President Enterprises,Uni-President Enterprises,6954300.0,9055264,0.8483,Taiwan,N-CSR
2007-11-30,LUKOIL,LUKOIL ADR,102720.0,8885280,0.8324,Russia,N-CSR
2007-11-30,NovaTek,NovaTek GDR,137222.0,8878263,0.8317,Russia,N-CSR
2007-11-30,Cathay Financial Holding,Cathay Financial Holding,3747785.0,8445921,0.7912,Taiwan,N-CSR
2007-11-30,Siam Cement,Siam Cement NVDR,1220843.0,8333050,0.7807,Thailand,N-CSR
2007-11-30,CSN,Cia Siderurgica Nacional,108912.0,8292792,0.7769,Brazil,N-CSR
2007-11-30,SK Energy,SK Energy,40245.0,8279250,0.7756,South Korea,N-CSR
2007-11-30,PetroChina,PetroChina,4278000.0,8222406,0.7703,China,N-CSR
2007-11-30,China Mobile,China Mobile,434800.0,7950537,0.7448,China,N-CSR
2007-11-30,Baidu,Baidu.com ADR,20800.0,7944768,0.7443,China,N-CSR
2007-11-30,United Microelectronics,United Microelectronics,13009910.0,7779744,0.7288,Taiwan,N-CSR
2007-11-30,President Chain Store,President Chain Store,2831884.0,7696137,0.721,Taiwan,N-CSR
2007-11-30,Gold Fields,Gold Fields ADR,461900.0,7598255,0.7118,South Africa,N-CSR
2007-11-30,Grupo Mexico Series B,Grupo Mexico Series B,1078546.0,7554172,0.7077,Mexico,N-CSR
2007-11-30,Hong Leong Bank,Hong Leong Bank,4051583.0,7534268,0.7058,Malaysia,N-CSR
2007-11-30,MediaTek,MediaTek,571750.0,7521892,0.7047,Taiwan,N-CSR
2007-11-30,TSMC,Taiwan Semiconductor Manufacturing,3957296.0,7499955,0.7026,Taiwan,N-CSR
2007-11-30,CJ Cheiljedang,CJ Cheiljedang,23931.0,7326217,0.6863,South Korea,N-CSR
2007-11-30,China Mobile,China Mobile ADR,78000.0,7149480,0.6698,China,N-CSR
2007-11-30,Cemex,Cemex ADR,247108.0,7069760,0.6623,Mexico,N-CSR
2007-11-30,Fomento Economico Mexicano,Fomento Economico Mexicano ADR,216000.0,6998400,0.6556,Mexico,N-CSR
2007-11-30,Centrais Elecricas Brasileiras,Centrais Elecricas Brasileiras Class B 5.04%,505192.0,6918321,0.6481,Brazil,N-CSR
2007-11-30,Turk Sise ve Cam Fabrikalari,Turk Sise ve Cam Fabrikalari,3589828.0,6917172,0.648,Turkey,N-CSR
2007-11-30,POSCO,POSCO ADR,43500.0,6867345,0.6433,South Korea,N-CSR
2007-11-30,GS Holdings,GS Holdings,100000.0,6772628,0.6345,South Korea,N-CSR
2007-11-30,CJ,CJ,79804.0,6712984,0.6289,South Korea,N-CSR
2007-11-30,America Movil Series L,America Movil Series L ADR,107200.0,6609952,0.6192,Mexico,N-CSR
2007-11-30,Grupo Clarin,Grupo Clarin Class B GDR 144A,355900.0,6584150,0.6168,Argentina,N-CSR
2007-11-30,Sinopec,China Petroleum & Chemical ADR,42600.0,6513114,0.6102,China,N-CSR
2007-11-30,Transneft,Transneft 4.33%,3436.0,6510613,0.6099,Russia,N-CSR
2007-11-30,Yazicilar Holding,Yazicilar Holding,839184.0,6377377,0.5974,Turkey,N-CSR
2007-11-30,Aneka Tambang,Aneka Tambang,12687000.0,6356795,0.5955,Indonesia,N-CSR
2007-11-30,Lotte Confectionery,Lotte Confectionery,4101.0,6348617,0.5947,South Korea,N-CSR
2007-11-30,Gudang Garam,Gudang Garam,7057224.0,6340473,0.594,Indonesia,N-CSR
2007-11-30,Telekomunikacja Polska,Telekomunikacja Polska,694169.0,6226470,0.5833,Poland,N-CSR
2007-11-30,TPI-Tim Participacoes,TPI-Tim Participacoes ADR,156200.0,6058998,0.5676,Brazil,N-CSR
2007-11-30,Cheil Industries,Cheil Industries,103760.0,5905957,0.5533,South Korea,N-CSR
2007-11-30,Alarko Holding,Alarko Holding,1812600.0,5868842,0.5498,Turkey,N-CSR
2007-11-30,Cresud,Cresud ADR,315700.0,5840450,0.5471,Argentina,N-CSR
2007-11-30,^†Griffin Mining,^†Griffin Mining,3080087.0,5753142,0.539,United Kingdom,N-CSR
2007-11-30,Bank Mandiri Persero,Bank Mandiri Persero,15018242.0,5724827,0.5363,Indonesia,N-CSR
2007-11-30,Hyundai Elevator,Hyundai Elevator,39026.0,5549543,0.5199,South Korea,N-CSR
2007-11-30,Charoen Pokphand Foods-Foreign,Charoen Pokphand Foods-Foreign,39977600.0,5385859,0.5046,Thailand,N-CSR
2007-11-30,AES Tiete,AES Tiete,149370000.0,5382553,0.5042,Brazil,N-CSR
2007-11-30,Sun International,Sun International,253600.0,5313942,0.4978,South Africa,N-CSR
2007-11-30,Travelsky Technology,Travelsky Technology,4904000.0,5281167,0.4947,China,N-CSR
2007-11-30,UEM World,UEM World,4712500.0,5274759,0.4941,Malaysia,N-CSR
2007-11-30,PTT Exploration & Production-Foreign,PTT Exploration & Production-Foreign,1140700.0,5122576,0.4799,Thailand,N-CSR
2007-11-30,MTN Group,MTN Group,252500.0,5103932,0.4781,South Africa,N-CSR
2007-11-30,Hyundai Motor,Hyundai Motor 3.70%,143897.0,5090133,0.4769,South Korea,N-CSR
2007-11-30,Philippine Long Distance Telephone,Philippine Long Distance Telephone ADR,68300.0,4960629,0.4647,Philippines,N-CSR
2007-11-30,OTP Bank,OTP Bank,100502.0,4959375,0.4646,Hungary,N-CSR
2007-11-30,SK Communications,SK Communications,133000.0,4926163,0.4615,South Korea,N-CSR
2007-11-30,Magyar Telekom,Magyar Telekom,942766.0,4925946,0.4615,Hungary,N-CSR
2007-11-30,Tanjong,Tanjong,951490.0,4852131,0.4546,Malaysia,N-CSR
2007-11-30,Controladora Comercial Mexicana,Controladora Comercial Mexicana,1738600.0,4775252,0.4474,Mexico,N-CSR
2007-11-30,IRSA,IRSA Inversiones y Representaciones GDR,315300.0,4748418,0.4448,Argentina,N-CSR
2007-11-30,CNPC Hong Kong,CNPC Hong Kong,6833100.0,4744552,0.4445,China,N-CSR
2007-11-30,Bangkok Bank,Bangkok Bank,1394076.0,4737822,0.4438,Thailand,N-CSR
2007-11-30,Barloworld,Barloworld,280755.0,4690204,0.4394,South Africa,N-CSR
2007-11-30,Lotte Shopping,Lotte Shopping,11400.0,4656348,0.4362,South Korea,N-CSR
2007-11-30,New World China Land,New World China Land,4441400.0,4633481,0.4341,China,N-CSR
2007-11-30,Zhejiang Expressway,Zhejiang Expressway,3142000.0,4512533,0.4227,China,N-CSR
2007-11-30,Turkcell Iletisim Hizmet,Turkcell Iletisim Hizmet,399600.0,4373472,0.4097,Turkey,N-CSR
2007-11-30,ICICI Bank,ICICI Bank ADR,72000.0,4356720,0.4081,India,N-CSR
2007-11-30,Banco do Estado do Rio Grande,Banco do Estado do Rio Grande Class B 3.64%,678900.0,4355079,0.408,Brazil,N-CSR
2007-11-30,Sociedad Quimica y Minera de Chile,Sociedad Quimica y Minera de Chile ADR,24300.0,4268538,0.3999,Chile,N-CSR
2007-11-30,Oriental Holdings,Oriental Holdings,2064900.0,4059983,0.3803,Malaysia,N-CSR
2007-11-30,JD Group,JD Group,508607.0,4042570,0.3787,South Africa,N-CSR
2007-11-30,Tongaat Hulett,Tongaat Hulett,290151.0,3983729,0.3732,South Africa,N-CSR
2007-11-30,KLCC Property Holdings,KLCC Property Holdings,3677300.0,3933045,0.3685,Malaysia,N-CSR
2007-11-30,Almacenes Exito,Almacenes Exito GDR 144A,500500.0,3899345,0.3653,Colombia,N-CSR
2007-11-30,SK Holdings,SK Holdings,16438.0,3857649,0.3614,South Korea,N-CSR
2007-11-30,China Water Affairs Group,China Water Affairs Group,6286000.0,3762977,0.3525,China,N-CSR
2007-11-30,Sinotrans,Sinotrans,7621000.0,3762575,0.3525,China,N-CSR
2007-11-30,Tom Group,Tom Group,48200000.0,3702794,0.3469,China,N-CSR
2007-11-30,Manila Water,Manila Water,9214000.0,3691589,0.3458,Philippines,N-CSR
2007-11-30,Texwinca Holdings,Texwinca Holdings,4774000.0,3563209,0.3338,China,N-CSR
2007-11-30,NII Holdings,NII Holdings,63200.0,3486112,0.3266,United States,N-CSR
2007-11-30,KT,KT ADR,125800.0,3298476,0.309,South Korea,N-CSR
2007-11-30,Korea Gas,Korea Gas,37365.0,2945553,0.2759,South Korea,N-CSR
2007-11-30,Braskem,Braskem Class A 1.12%,287400.0,2524990,0.2365,Brazil,N-CSR
2007-11-30,Oil & Gas Development,Oil & Gas Development GDR,127418.0,2484651,0.2328,Pakistan,N-CSR
2007-11-30,United Tractors,United Tractors,2039500.0,2460784,0.2305,Indonesia,N-CSR
2007-11-30,51job,51job ADR,119200.0,2441216,0.2287,China,N-CSR
2007-11-30,Media Prima,Media Prima,3388000.0,2428503,0.2275,Malaysia,N-CSR
2007-11-30,Cosan,Cosan Class A,222800.0,2417380,0.2265,Brazil,N-CSR
2007-11-30,Bursa Malaysia,Bursa Malaysia,597000.0,2387724,0.2237,Malaysia,N-CSR
2007-11-30,Grupo Simec,Grupo Simec ADR,246300.0,2357091,0.2208,Mexico,N-CSR
2007-11-30,Eastern & Oriental,Eastern & Oriental,3251700.0,2299330,0.2154,Malaysia,N-CSR
2007-11-30,LA Fonte Participacoes,LA Fonte Participacoes 10.07%,4417000.0,2168216,0.2031,Brazil,N-CSR
2007-11-30,Strike Resources,Strike Resources,1091489.0,2010740,0.1884,Australia,N-CSR
2007-11-30,Grupo Financiero Galicia,Grupo Financiero Galicia ADR,262704.0,1917739,0.1797,Argentina,N-CSR
2007-11-30,Chelyabinsk Zink Plant,Chelyabinsk Zink Plant GDR,144400.0,1796914,0.1683,Russia,N-CSR
2007-11-30,^†Dev Property Development,^†Dev Property Development,1035200.0,1667144,0.1562,United Kingdom,N-CSR
2007-11-30,HlS Systems International,HlS Systems International,189900.0,1585665,0.1485,United States,N-CSR
2007-11-30,Thinkware Systems,Thinkware Systems,33000.0,1507978,0.1413,South Korea,N-CSR
2007-11-30,Alarko Gayrimenkul Yatirim,Alarko Gayrimenkul Yatirim,50800.0,1288911,0.1207,Turkey,N-CSR
2007-11-30,Road King Infrastructure,Road King Infrastructure,622000.0,1169177,0.1095,China,N-CSR
2007-11-30,Sify Technologies,Sify Technologies ADR,180700.0,1149252,0.1077,India,N-CSR
2007-11-30,Fountain Set Holdings,Fountain Set Holdings,3908800.0,889985,0.0834,China,N-CSR
2007-11-30,Gindalbie Metals,Gindalbie Metals,636400.0,756189,0.0708,Australia,N-CSR
2007-11-30,Asiainfo Holdings,Asiainfo Holdings,63100.0,744580,0.0698,China,N-CSR
2007-11-30,TV Azteca CPO,TV Azteca CPO,1161100.0,653571,0.0612,Mexico,N-CSR
2007-11-30,Aygaz,Aygaz,145941.0,609345,0.0571,Turkey,N-CSR
2007-11-30,China New Town Development,China New Town Development,1102000.0,479461,0.0449,China,N-CSR
2007-11-30,Triunfo Participacoes Investimentos,Triunfo Participacoes Investimentos,129400.0,404217,0.0379,Brazil,N-CSR
2007-11-30,Basic House,Basic House,44965.0,302110,0.0283,South Korea,N-CSR
2007-11-30,Fifth Power Generation,Fifth Power Generation GDR,34473.0,301157,0.0282,Russia,N-CSR
2007-11-30,GMA Holdings PDR,GMA Holdings PDR,1129200.0,207975,0.0195,Philippines,N-CSR
2007-11-30,GCL Poly Energy Holdings,GCL Poly Energy Holdings,157000.0,69971,0.0066,China,N-CSR
2007-11-30,TGK-5,TGK-5 GDR,14224.0,52688,0.0049,Russia,N-CSR
2007-11-30,Pretoria Portland Cement,Pretoria Portland Cement,1.0,6,0.0,South Africa,N-CSR
2008-11-30,Eletrobras,Centrais Eletricas Brasileiras,1947871.0,22536092,6.2891,Brazil,N-CSR
2008-11-30,Petrobras,Petroleo Brasileiro ADR,841600.0,14963648,4.1759,Brazil,N-CSR
2008-11-30,Samsung Electronics,Samsung Electronics,37449.0,12389613,3.4576,Republic of Korea,N-CSR
2008-11-30,Vale,Cia Vale do Rio Doce Class A 1.10%,1124386.0,12178875,3.3987,Brazil,N-CSR
2008-11-30,Gazprom,Gazprom ADR,567932.0,9666203,2.6975,Russia,N-CSR
2008-11-30,China Unicom,China Unicom,6734979.0,8307441,2.3183,China,N-CSR
2008-11-30,Evergreen Marine,Evergreen Marine,15768000.0,7719430,2.1543,Taiwan,N-CSR
2008-11-30,PetroChina,PetroChina ADR,89200.0,7366136,2.0557,China,N-CSR
2008-11-30,Sasol,Sasol,252777.0,7144898,1.9939,South Africa,N-CSR
2008-11-30,Samsung Electronics,Samsung Electronics 2.74%,31362.0,7120014,1.987,Republic of Korea,N-CSR
2008-11-30,Korea Electric Power,Korea Electric Power ADR,749400.0,6969420,1.9449,Republic of Korea,N-CSR
2008-11-30,Standard Bank,Standard Bank Group,707810.0,6028743,1.6824,South Africa,N-CSR
2008-11-30,Formosa Chemicals & Fibre,Formosa Chemicals & Fibre,4270420.0,5976921,1.668,Taiwan,N-CSR
2008-11-30,China Unicom,China Unicom ADR,475945.0,5877921,1.6403,China,N-CSR
2008-11-30,Cresud,Cresud ADR,896200.0,5699832,1.5906,Argentina,N-CSR
2008-11-30,KazMunaiGas Exploration Production,KazMunaiGas Exploration Production GDR,402441.0,5396734,1.5061,Kazakstan,N-CSR
2008-11-30,Hong Leong Bank,Hong Leong Bank,3780883.0,5217171,1.456,Malaysia,N-CSR
2008-11-30,Telkom,Telkom,493044.0,4947416,1.3807,South Africa,N-CSR
2008-11-30,TSMC,Taiwan Semiconductor Manufacturing,3977248.0,4873756,1.3601,Taiwan,N-CSR
2008-11-30,KT,KT,213064.0,4837124,1.3499,Republic of Korea,N-CSR
2008-11-30,Siam Cement,Siam Cement NVDR,1843843.0,4671899,1.3038,Thailand,N-CSR
2008-11-30,Walsin Lihwa,Walsin Lihwa,24255000.0,4647752,1.297,Taiwan,N-CSR
2008-11-30,Reliance Industries,Reliance Industries GDR 144A,100612.0,4628152,1.2916,India,N-CSR
2008-11-30,Polski Koncern Naftowy Orlen,Polski Koncern Naftowy Orlen,508409.0,4452919,1.2427,Poland,N-CSR
2008-11-30,President Chain Store,President Chain Store,1898884.0,4448504,1.2414,Taiwan,N-CSR
2008-11-30,Grupo Televisa,Grupo Televisa ADR,296900.0,4411934,1.2312,Mexico,N-CSR
2008-11-30,Korea Electric Power,Korea Electric Power,220420.0,4178857,1.1662,Republic of Korea,N-CSR
2008-11-30,China Telecom,China Telecom,10708581.0,4075933,1.1375,China,N-CSR
2008-11-30,Turkcell Iletisim Hizmet,Turkcell Iletisim Hizmet,715275.0,4044328,1.1286,Turkey,N-CSR
2008-11-30,Lotte Confectionery,Lotte Confectionery,4632.0,3862655,1.0779,Republic of Korea,N-CSR
2008-11-30,LUKOIL,LUKOIL ADR (London International Exchange),119000.0,3784200,1.0561,Russia,N-CSR
2008-11-30,Gold Fields,Gold Fields ADR,431300.0,3545286,0.9894,South Africa,N-CSR
2008-11-30,PetroChina,PetroChina,4242000.0,3497394,0.976,China,N-CSR
2008-11-30,AES Tiete,AES Tiete,597480.0,3449818,0.9627,Brazil,N-CSR
2008-11-30,United Microelectronics,United Microelectronics,13595356.0,3307475,0.923,Taiwan,N-CSR
2008-11-30,LUKOIL,LUKOIL ADR,101920.0,3261440,0.9102,Russia,N-CSR
2008-11-30,Philippine Long Distance Telephone,Philippine Long Distance Telephone ADR,67800.0,3251010,0.9073,Philippines,N-CSR
2008-11-30,Turkcell Iletisim Hizmet,Turkcell Iletisim Hizmet ADR,233900.0,3223142,0.8995,Turkey,N-CSR
2008-11-30,SK Telecom,SK Telecom,21731.0,3217513,0.8979,Republic of Korea,N-CSR
2008-11-30,Turkiye Is Bankasi,Turkiye Is Bankasi Class C,1242859.0,3192112,0.8908,Turkey,N-CSR
2008-11-30,Anglo American,Anglo American,132917.0,3139459,0.8761,United Kingdom,N-CSR
2008-11-30,Buenaventura,Cia de Minas Buenaventura ADR,173891.0,3130038,0.8735,Peru,N-CSR
2008-11-30,Surgutneftegaz,Surgutneftegaz ADR,471754.0,3014508,0.8413,Russia,N-CSR
2008-11-30,Vale,Cia Vale do Rio Doce ADR,250000.0,2985000,0.833,Brazil,N-CSR
2008-11-30,PTT Exploration & Production–Foreign,PTT Exploration & Production–Foreign,1131800.0,2979259,0.8314,Thailand,N-CSR
2008-11-30,Mobile TeleSystems,Mobile TeleSystems ADR,99900.0,2961036,0.8263,Russia,N-CSR
2008-11-30,SK Energy,SK Energy,63751.0,2951054,0.8235,Republic of Korea,N-CSR
2008-11-30,Oriental Holdings,Oriental Holdings,2064900.0,2826523,0.7888,Malaysia,N-CSR
2008-11-30,Yazicilar Holding,Yazicilar Holding Class A,832584.0,2712866,0.7571,Turkey,N-CSR
2008-11-30,Gudang Garam,Gudang Garam,7494224.0,2695425,0.7522,Indonesia,N-CSR
2008-11-30,Tim Participacoes,Tim Participacoes ADR,155000.0,2666000,0.744,Brazil,N-CSR
2008-11-30,Bangkok Bank–Foreign,Bangkok Bank–Foreign,1383176.0,2570090,0.7172,Thailand,N-CSR
2008-11-30,Sun International,Sun International,306533.0,2514083,0.7016,South Africa,N-CSR
2008-11-30,Cemex,Cemex ADR,359073.0,2495557,0.6964,Mexico,N-CSR
2008-11-30,Turk Sise ve Cam Fabrikalari,Turk Sise ve Cam Fabrikalari,3561828.0,2457689,0.6859,Turkey,N-CSR
2008-11-30,KLCC Property Holdings,KLCC Property Holdings,3244600.0,2453485,0.6847,Malaysia,N-CSR
2008-11-30,Impala Platinum Holdings,Impala Platinum Holdings,196836.0,2401147,0.6701,South Africa,N-CSR
2008-11-30,Lehman Oil & Natural Gas CW12,Lehman Oil & Natural Gas CW12 144A,254590.0,2375437,0.6629,India,N-CSR
2008-11-30,Israel Chemicals,Israel Chemicals,391980.0,2281734,0.6368,Israel,N-CSR
2008-11-30,America Movil Series L,America Movil Series L ADR,75400.0,2262000,0.6313,Mexico,N-CSR
2008-11-30,JD Group,JD Group,723137.0,2155539,0.6015,South Africa,N-CSR
2008-11-30,Alarko Holding,Alarko Holding,1903508.0,2128252,0.5939,Turkey,N-CSR
2008-11-30,Sasol,Sasol ADR,74500.0,2127720,0.5938,South Africa,N-CSR
2008-11-30,CNPC Hong Kong,CNPC Hong Kong,6783100.0,2126707,0.5935,China,N-CSR
2008-11-30,Tanjong,Tanjong,610990.0,2107734,0.5882,Malaysia,N-CSR
2008-11-30,Grupo Mexico Series B,Grupo Mexico Series B,3324018.0,2066978,0.5768,Mexico,N-CSR
2008-11-30,KB Financial,KB Financial Group ADR,100800.0,2055312,0.5736,Republic of Korea,N-CSR
2008-11-30,Sberbank,Sberbank,2376855.0,1960905,0.5472,Russia,N-CSR
2008-11-30,China Shenhua Energy,China Shenhua Energy,1036000.0,1938210,0.5409,China,N-CSR
2008-11-30,Bukit Asam,Tambang Batubara Bukit Asam,3349335.0,1921862,0.5363,Indonesia,N-CSR
2008-11-30,Vallourec,Vallourec,17646.0,1870335,0.522,France,N-CSR
2008-11-30,Votorantim Celulose e Papel,Votorantim Celulose e Papel ADR,334058.0,1857362,0.5183,Brazil,N-CSR
2008-11-30,Cathay Financial Holding,Cathay Financial Holding,1749284.0,1812594,0.5058,Taiwan,N-CSR
2008-11-30,Tom Group,Tom Group,47824000.0,1758587,0.4908,China,N-CSR
2008-11-30,Almacenes Exito,Almacenes Exito GDR 144A,496600.0,1741874,0.4861,Colombia,N-CSR
2008-11-30,Banco do Estado do Rio Grande do Sul,Banco do Estado do Rio Grande do Sul Class B 11.56%,678900.0,1738918,0.4853,Brazil,N-CSR
2008-11-30,First Pacific,First Pacific,4204000.0,1648957,0.4602,China,N-CSR
2008-11-30,CJ,CJ,80144.0,1647628,0.4598,Republic of Korea,N-CSR
2008-11-30,Tongaat Hulett,Tongaat Hulett,328651.0,1632747,0.4556,South Africa,N-CSR
2008-11-30,Travelsky Technology,Travelsky Technology,4849400.0,1557975,0.4348,China,N-CSR
2008-11-30,LG Display,LG Display ADR,214900.0,1515045,0.4228,Republic of Korea,N-CSR
2008-11-30,Oil & Gas Development,Oil & Gas Development GDR,126418.0,1513489,0.4224,Pakistan,N-CSR
2008-11-30,Braskem,Braskem Class A 10.99%,541994.0,1489428,0.4157,Brazil,N-CSR
2008-11-30,CSN,Cia Siderurgica Nacional ADR,126800.0,1460736,0.4076,Brazil,N-CSR
2008-11-30,OTP Bank,OTP Bank,99702.0,1446198,0.4036,Hungary,N-CSR
2008-11-30,Freeport-McMoRan Copper & Gold,Freeport-McMoRan Copper & Gold,59300.0,1422607,0.397,United States,N-CSR
2008-11-30,Hyundai Elevator,Hyundai Elevator,40821.0,1417213,0.3955,Republic of Korea,N-CSR
2008-11-30,IRSA,IRSA Inversiones y Representaciones GDR,358400.0,1340416,0.3741,Argentina,N-CSR
2008-11-30,Transneft,Transneft 3.18%,5298.0,1284765,0.3585,Russia,N-CSR
2008-11-30,Fomento Economico Mexicano,Fomento Economico Mexicano ADR,43500.0,1196685,0.334,Mexico,N-CSR
2008-11-30,Sinotrans,Sinotrans,7561000.0,1024334,0.2859,China,N-CSR
2008-11-30,SK Holdings,SK Holdings,16519.0,967082,0.2699,Republic of Korea,N-CSR
2008-11-30,Lehman Indian Oil CW12,Lehman Indian Oil CW12 144A,172132.0,951996,0.2657,India,N-CSR
2008-11-30,UEM Land Holdings,UEM Land Holdings,6004250.0,944507,0.2636,Malaysia,N-CSR
2008-11-30,Griffin Mining,Griffin Mining,3056187.0,835816,0.2333,United Kingdom,N-CSR
2008-11-30,51job,51job ADR,118300.0,832832,0.2324,China,N-CSR
2008-11-30,Grupo Clarin,Grupo Clarin Class B GDR 144A,353200.0,717137,0.2001,Argentina,N-CSR
2008-11-30,Media Prima,Media Prima,2218400.0,581614,0.1623,Malaysia,N-CSR
2008-11-30,SK Communications,SK Communications,171609.0,543218,0.1516,Republic of Korea,N-CSR
2008-11-30,ArcelorMittal Steel South Africa,ArcelorMittal Steel South Africa,63687.0,538818,0.1504,South Africa,N-CSR
2008-11-30,Jereissati Participacoes,Jereissati Participacoes 7.30%,2895405.0,527934,0.1473,Brazil,N-CSR
2008-11-30,Gol Linhas Aereas Inteligentes,Gol Linhas Aereas Inteligentes ADR,125100.0,490392,0.1369,Brazil,N-CSR
2008-11-30,Bolsa Mexicana de Valores,Bolsa Mexicana de Valores,823088.0,486047,0.1356,Mexico,N-CSR
2008-11-30,China Shipping Development,China Shipping Development,578000.0,477288,0.1332,China,N-CSR
2008-11-30,Eastern & Oriental,Eastern & Oriental,3251700.0,466644,0.1302,Malaysia,N-CSR
2008-11-30,Focus Media Holding,Focus Media Holding ADR,59100.0,441477,0.1232,China,N-CSR
2008-11-30,Vimpelcom,Vimpelcom ADR,45700.0,434150,0.1212,Russia,N-CSR
2008-11-30,Hyundai Motor,Hyundai Motor 7.14%,41547.0,403029,0.1125,Republic of Korea,N-CSR
2008-11-30,SK Telecom,SK Telecom ADR,19300.0,312853,0.0873,Republic of Korea,N-CSR
2008-11-30,Strike Resources,Strike Resources,1398730.0,270084,0.0754,Australia,N-CSR
2008-11-30,Alarko Gayrimenkul Yatirim Ortakligi,Alarko Gayrimenkul Yatirim Ortakligi,50400.0,260823,0.0728,Turkey,N-CSR
2008-11-30,Chelyabinsk Zink Plant,Chelyabinsk Zink Plant GDR,143300.0,214950,0.06,Russia,N-CSR
2008-11-30,Sify Technologies,Sify Technologies ADR,179300.0,207988,0.058,India,N-CSR
2008-11-30,Indiabulls Real Estate,Indiabulls Real Estate GDR,102022.0,181599,0.0507,India,N-CSR
2008-11-30,Lupatech,Lupatech,22400.0,179904,0.0502,Brazil,N-CSR
2008-11-30,Spreadtrum Communications,Spreadtrum Communications ADR,213900.0,156147,0.0436,China,N-CSR
2008-11-30,Fountain Set Holdings,Fountain Set Holdings,3878800.0,123113,0.0344,China,N-CSR
2008-11-30,KT,KT ADR,10400.0,117936,0.0329,Republic of Korea,N-CSR
2008-11-30,CTC Media,CTC Media,27500.0,116875,0.0326,Russia,N-CSR
2008-11-30,Triunfo Participacoes e Investimentos,Triunfo Participacoes e Investimentos,109600.0,57097,0.0159,Brazil,N-CSR
2008-11-30,Grupo Financiero Galicia,Grupo Financiero Galicia ADR,29313.0,55695,0.0155,Argentina,N-CSR
2008-11-30,Fifth Power Generation,Fifth Power Generation GDR,21159.0,47339,0.0132,Russia,N-CSR
2008-11-30,Mwana Africa,Mwana Africa,781129.0,40559,0.0113,United Kingdom,N-CSR
2008-11-30,TGK-5,TGK-5 GDR,8772.0,8045,0.0022,Russia,N-CSR
2008-11-30,Alara Resources,Alara Resources,200832.0,3944,0.0011,Australia,N-CSR
2008-11-30,Pretoria Portland Cement,Pretoria Portland Cement,1.0,3,0.0,South Africa,N-CSR
2009-11-30,Petrobras,Petroleo Brasileiro ADR,635000.0,28613099,3.9417,Brazil,N-CSR
2009-11-30,Eletrobras,Centrais Eletricas Brasileiras,1579671.0,26095391,3.5949,Brazil,N-CSR
2009-11-30,Vale,Vale Class A 2.38%,950000.0,22928794,3.1586,Brazil,N-CSR
2009-11-30,China Mobile,China Mobile ADR,440000.0,20622800,2.841,Hong Kong,N-CSR
2009-11-30,Gazprom,Gazprom ADR,714300.0,16316899,2.2478,Russia,N-CSR
2009-11-30,Vodacom Group,Vodacom Group,1804681.0,13891536,1.9137,South Africa,N-CSR
2009-11-30,Samsung Electronics,Samsung Electronics,21558.0,13318826,1.8348,Republic of Korea,N-CSR
2009-11-30,Sberbank,Sberbank,5583136.0,13237615,1.8236,Russia,N-CSR
2009-11-30,Cresud,Cresud ADR,936870.0,13125549,1.8082,Argentina,N-CSR
2009-11-30,Samsung Electronics,Samsung Electronics 1.05%,31362.0,12782693,1.7609,Republic of Korea,N-CSR
2009-11-30,Siam Cement,Siam Cement NVDR,1843843.0,12534472,1.7267,Thailand,N-CSR
2009-11-30,Cemex,Cemex ADR,1100001.0,12419011,1.7108,Mexico,N-CSR
2009-11-30,Gudang Garam,Gudang Garam,6656224.0,12143825,1.6729,Indonesia,N-CSR
2009-11-30,Sasol,Sasol,272003.0,10681766,1.4715,South Africa,N-CSR
2009-11-30,KB Financial,KB Financial Group ADR,209393.0,10545031,1.4527,Republic of Korea,N-CSR
2009-11-30,Korea Electric Power,Korea Electric Power ADR,689300.0,9457196,1.3028,Republic of Korea,N-CSR
2009-11-30,Reliance Industries,Reliance Industries GDR 144A,201224.0,9195937,1.2668,India,N-CSR
2009-11-30,China Unicom,China Unicom,6734979.0,9055463,1.2475,Hong Kong,N-CSR
2009-11-30,Shanda Interactive Entertainment,Shanda Interactive Entertainment ADR,180000.0,8971200,1.2359,China,N-CSR
2009-11-30,America Movil Series L,America Movil Series L ADR,170000.0,8224600,1.133,Mexico,N-CSR
2009-11-30,Standard Bank,Standard Bank Group,610460.0,7897643,1.088,South Africa,N-CSR
2009-11-30,China Life,China Life Insurance ADR,100000.0,7566000,1.0423,China,N-CSR
2009-11-30,Chunghwa Telecom,Chunghwa Telecom ADR,412500.0,7338375,1.0109,Taiwan,N-CSR
2009-11-30,Grupo Televisa,Grupo Televisa ADR,345200.0,7100764,0.9782,Mexico,N-CSR
2009-11-30,KT,KT,213064.0,7038754,0.9696,Republic of Korea,N-CSR
2009-11-30,Banco Santander Brasil,Banco Santander Brasil ADR,500300.0,6829095,0.9408,Brazil,N-CSR
2009-11-30,United Microelectronics,United Microelectronics,13595356.0,6663770,0.918,Taiwan,N-CSR
2009-11-30,TSMC,Taiwan Semiconductor Manufacturing,3494632.0,6623919,0.9125,Taiwan,N-CSR
2009-11-30,Gold Fields,Gold Fields ADR,431300.0,6374614,0.8782,South Africa,N-CSR
2009-11-30,BNY Mellon SL DBT II Liquidating Fund,BNY Mellon SL DBT II Liquidating Fund,6325379.0,6256432,0.8619,Lending Collateral,N-CSR
2009-11-30,PetroChina,PetroChina ADR,50000.0,6245000,0.8603,China,N-CSR
2009-11-30,AES Tiete,AES Tiete,597480.0,6211342,0.8557,Brazil,N-CSR
2009-11-30,Formosa Chemicals & Fibre,Formosa Chemicals & Fibre,3007003.0,6194043,0.8533,Taiwan,N-CSR
2009-11-30,Buenaventura,Cia de Minas Buenaventura ADR,153100.0,6146965,0.8468,Peru,N-CSR
2009-11-30,Korea Electric Power,Korea Electric Power,220420.0,6033463,0.8312,Republic of Korea,N-CSR
2009-11-30,SK Energy,SK Energy,63751.0,5962639,0.8214,Republic of Korea,N-CSR
2009-11-30,LUKOIL,LUKOIL ADR,101920.0,5916456,0.815,Russia,N-CSR
2009-11-30,SK Telecom,SK Telecom ADR,353700.0,5860809,0.8074,Republic of Korea,N-CSR
2009-11-30,Anglo American,Anglo American,132917.0,5693780,0.7844,United Kingdom,N-CSR
2009-11-30,Fomento Economico Mexicano,Fomento Economico Mexicano ADR,125000.0,5688750,0.7837,Mexico,N-CSR
2009-11-30,SINA,Sina,125500.0,5680130,0.7825,China,N-CSR
2009-11-30,Bunge,Bunge,90000.0,5571000,0.7675,United States,N-CSR
2009-11-30,MEMC Electronic Materials,MEMC Electronic Materials,460000.0,5538400,0.763,United States,N-CSR
2009-11-30,Fibria Celulose,Fibria Celulose ADR,313729.0,5496532,0.7572,Brazil,N-CSR
2009-11-30,China Unicom,China Unicom ADR,400000.0,5380000,0.7411,Hong Kong,N-CSR
2009-11-30,VTB Bank,VTB Bank GDR,1232482.0,5284636,0.728,Russia,N-CSR
2009-11-30,PetroChina,PetroChina,4242000.0,5254708,0.7239,China,N-CSR
2009-11-30,Google,Google Class A,9000.0,5247000,0.7228,United States,N-CSR
2009-11-30,LUKOIL,LUKOIL ADR (London International Exchange),90000.0,5198580,0.7161,Russia,N-CSR
2009-11-30,Focus Media Holding,Focus Media Holding ADR,413115.0,5188724,0.7148,China,N-CSR
2009-11-30,Israel Chemicals,Israel Chemicals,391980.0,5051796,0.6959,Israel,N-CSR
2009-11-30,Mobile TeleSystems,Mobile TeleSystems ADR,99900.0,5002992,0.6892,Russia,N-CSR
2009-11-30,Yazicilar Holding,Yazicilar Holding Class A,832584.0,4984718,0.6867,Turkey,N-CSR
2009-11-30,Lotte Confectionery,Lotte Confectionery,4610.0,4932787,0.6795,Republic of Korea,N-CSR
2009-11-30,Hong Leong Bank,Hong Leong Bank,2097983.0,4922624,0.6781,Malaysia,N-CSR
2009-11-30,Itau Unibanco,Itau Unibanco Holding ADR,220000.0,4895000,0.6743,Brazil,N-CSR
2009-11-30,Shanda Games,Shanda Games ADR,472300.0,4836352,0.6662,China,N-CSR
2009-11-30,POSCO,POSCO ADR,40000.0,4768000,0.6568,Republic of Korea,N-CSR
2009-11-30,Tom Group,Tom Group,47824000.0,4689928,0.6461,Hong Kong,N-CSR
2009-11-30,Polski Koncern Naftowy Orlen,Polski Koncern Naftowy Orlen,411252.0,4618724,0.6363,Poland,N-CSR
2009-11-30,Impala Platinum Holdings,Impala Platinum Holdings,196836.0,4565372,0.6289,South Africa,N-CSR
2009-11-30,Travelsky Technology,Travelsky Technology,4849400.0,4555396,0.6275,China,N-CSR
2009-11-30,Alarko Holding,Alarko Holding,1970440.0,4486770,0.6181,Turkey,N-CSR
2009-11-30,PTT Exploration & Production-Foreign,PTT Exploration & Production-Foreign,1131800.0,4442770,0.612,Thailand,N-CSR
2009-11-30,Turkcell Iletisim Hizmet,Turkcell Iletisim Hizmet,715275.0,4352586,0.5996,Turkey,N-CSR
2009-11-30,JD Group,JD Group,723137.0,4296830,0.5919,South Africa,N-CSR
2009-11-30,Huaneng Power,Huaneng Power International ADR,169000.0,4248660,0.5853,China,N-CSR
2009-11-30,LG Display,LG Display ADR,302400.0,4233600,0.5832,Republic of Korea,N-CSR
2009-11-30,Tim Participacoes,Tim Participacoes ADR,155000.0,4185000,0.5765,Brazil,N-CSR
2009-11-30,Turkiye Is Bankasi,Turkiye Is Bankasi Class C,1220931.0,4154186,0.5723,Turkey,N-CSR
2009-11-30,Franshion Properties China,Franshion Properties China,12008000.0,4152524,0.572,Hong Kong,N-CSR
2009-11-30,Bukit Asam,Tambang Batubara Bukit Asam,2379335.0,4139615,0.5703,Indonesia,N-CSR
2009-11-30,Anglo Platinum,Anglo Platinum,40000.0,4116138,0.567,South Africa,N-CSR
2009-11-30,Tongaat Hulett,Tongaat Hulett,328651.0,4104920,0.5655,South Africa,N-CSR
2009-11-30,BRF,Brasil Foods ADR,84000.0,4074000,0.5612,Brazil,N-CSR
2009-11-30,AK Transneft,AK Transneft 0.91%,5498.0,3958560,0.5453,Russia,N-CSR
2009-11-30,Turk Sise ve Cam Fabrikalari,Turk Sise ve Cam Fabrikalari,3893779.0,3872632,0.5335,Turkey,N-CSR
2009-11-30,China Telecom,China Telecom,8633078.0,3820907,0.5264,China,N-CSR
2009-11-30,Sinopec,China Petroleum & Chemical ADR,45000.0,3765600,0.5187,China,N-CSR
2009-11-30,Philippine Long Distance Telephone,Philippine Long Distance Telephone ADR,67800.0,3745272,0.5159,Philippines,N-CSR
2009-11-30,Empresas ICA,Empresas ICA,1533989.0,3698787,0.5095,Mexico,N-CSR
2009-11-30,Walsin Lihwa,Walsin Lihwa,10711756.0,3638707,0.5013,Taiwan,N-CSR
2009-11-30,Tenaris,Tenaris ADR,91900.0,3626374,0.4996,Luxembourg,N-CSR
2009-11-30,Sun International,Sun International,290543.0,3622665,0.4991,South Africa,N-CSR
2009-11-30,CJ,CJ,80144.0,3596646,0.4955,Republic of Korea,N-CSR
2009-11-30,Surgutneftegaz,Surgutneftegaz ADR,400000.0,3564000,0.491,Russia,N-CSR
2009-11-30,Braskem,Braskem Class A,541994.0,3556691,0.49,Brazil,N-CSR
2009-11-30,Lotte Chilsung Beverage,Lotte Chilsung Beverage,5009.0,3545928,0.4885,Republic of Korea,N-CSR
2009-11-30,Oriental Holdings,Oriental Holdings,2064900.0,3446819,0.4748,Malaysia,N-CSR
2009-11-30,Bangkok Bank-Foreign,Bangkok Bank-Foreign,1015349.0,3435908,0.4733,Thailand,N-CSR
2009-11-30,Potash Corporation of Saskatchewan,Potash Corporation of Saskatchewan,30000.0,3372600,0.4646,Canada,N-CSR
2009-11-30,President Chain Store,President Chain Store,1407372.0,3296312,0.4541,Taiwan,N-CSR
2009-11-30,ArcelorMittal Steel South Africa,ArcelorMittal Steel South Africa,232656.0,3226708,0.4445,South Africa,N-CSR
2009-11-30,SK Telecom,SK Telecom,21731.0,3160635,0.4354,Republic of Korea,N-CSR
2009-11-30,Evergreen Marine,Evergreen Marine,6140000.0,3152381,0.4343,Taiwan,N-CSR
2009-11-30,KLCC Property Holdings,KLCC Property Holdings,3244600.0,3152184,0.4342,Malaysia,N-CSR
2009-11-30,Huaneng Power,Huaneng Power International,5000000.0,3122641,0.4302,China,N-CSR
2009-11-30,OTP Bank,OTP Bank,99702.0,2976587,0.4101,Hungary,N-CSR
2009-11-30,Vallourec,Vallourec,17646.0,2951202,0.4066,France,N-CSR
2009-11-30,IRSA,IRSA Inversiones y Representaciones GDR,358400.0,2949632,0.4063,Argentina,N-CSR
2009-11-30,First Pacific,First Pacific,5044800.0,2922786,0.4026,China,N-CSR
2009-11-30,Turkcell Iletisim Hizmet,Turkcell Iletisim Hizmet ADR,183900.0,2824704,0.3891,Turkey,N-CSR
2009-11-30,CNOOC,CNOOC ADR,17000.0,2633980,0.3629,Hong Kong,N-CSR
2009-11-30,UEM Land Holdings,UEM Land Holdings,6004250.0,2633792,0.3628,Malaysia,N-CSR
2009-11-30,Anglo American,Anglo American ADR,118000.0,2520338,0.3472,United Kingdom,N-CSR
2009-11-30,Bank Leumi Le - Israel,Bank Leumi Le - Israel,600000.0,2495708,0.3438,Israel,N-CSR
2009-11-30,Hollysys Automation Technologies,Hollysys Automation Technologies,188400.0,2383260,0.3283,China,N-CSR
2009-11-30,Cyrela Brazil Realty,Cyrela Brazil Realty,165097.0,2322926,0.32,Brazil,N-CSR
2009-11-30,Griffin Mining,Griffin Mining,3056187.0,2186997,0.3013,United Kingdom,N-CSR
2009-11-30,Norilsk Nickel,MMC Norilsk Nickel ADR,159893.0,2182603,0.3007,Russia,N-CSR
2009-11-30,51job,51job ADR,118300.0,2168439,0.2987,China,N-CSR
2009-11-30,Hyundai Elevator,Hyundai Elevator,40821.0,1975549,0.2721,Republic of Korea,N-CSR
2009-11-30,Sinotrans,Sinotrans,7561000.0,1961020,0.2701,China,N-CSR
2009-11-30,Polska Grupa Energetyczna,Polska Grupa Energetyczna,210021.0,1887735,0.2601,Poland,N-CSR
2009-11-30,Foxconn International Holdings,Foxconn International Holdings,1931000.0,1666921,0.2296,China,N-CSR
2009-11-30,Alumina,Alumina ADR,292200.0,1636320,0.2254,Australia,N-CSR
2009-11-30,Bank Hapoalim,Bank Hapoalim,420000.0,1628311,0.2243,Israel,N-CSR
2009-11-30,Oil & Gas Development,Oil & Gas Development GDR,126418.0,1610439,0.2219,Pakistan,N-CSR
2009-11-30,Hindustan Construction,Hindustan Construction,525300.0,1567815,0.216,India,N-CSR
2009-11-30,Hyundai Motor,Hyundai Motor 2.33%,41547.0,1443842,0.1989,Republic of Korea,N-CSR
2009-11-30,Metallurgical,Metallurgical,2167000.0,1417665,0.1953,China,N-CSR
2009-11-30,Grupo Clarin,Grupo Clarin Class B GDR 144A,353200.0,1372465,0.1891,Argentina,N-CSR
2009-11-30,KT,KT ADR,80280.0,1333451,0.1837,Republic of Korea,N-CSR
2009-11-30,Braskem,Braskem ADR,99300.0,1310760,0.1806,Brazil,N-CSR
2009-11-30,Jereissati Participacoes,Jereissati Participacoes 3.52%,2895405.0,1286480,0.1772,Brazil,N-CSR
2009-11-30,SK Holdings,SK Holdings,16519.0,1193496,0.1644,Republic of Korea,N-CSR
2009-11-30,Media Prima,Media Prima,2218400.0,1116792,0.1538,Malaysia,N-CSR
2009-11-30,SK Communications,SK Communications,171609.0,1110290,0.153,Republic of Korea,N-CSR
2009-11-30,Pampa Energia,Pampa Energia ADR,95300.0,1006368,0.1386,Argentina,N-CSR
2009-11-30,Spreadtrum Communications,Spreadtrum Communications ADR,213900.0,1005330,0.1385,China,N-CSR
2009-11-30,Strike Resources,Strike Resources,1398730.0,922138,0.127,Australia,N-CSR
2009-11-30,Eastern & Oriental,Eastern & Oriental,3251700.0,895073,0.1233,Malaysia,N-CSR
2009-11-30,Telekomunikacja Polska,Telekomunikacja Polska,150000.0,873192,0.1203,Poland,N-CSR
2009-11-30,Alarko Gayrimenkul Yatirim Ortakligi,Alarko Gayrimenkul Yatirim Ortakligi,97776.0,831701,0.1146,Turkey,N-CSR
2009-11-30,Telkom,Telkom,153106.0,771629,0.1063,South Africa,N-CSR
2009-11-30,Oil India,Oil India,26650.0,729655,0.1005,India,N-CSR
2009-11-30,Sohu.com,Sohu.com,8800.0,490688,0.0676,China,N-CSR
2009-11-30,Blue Label Telecoms,Blue Label Telecoms,635328.0,471884,0.065,South Africa,N-CSR
2009-11-30,Indiabulls Real Estate,Indiabulls Real Estate GDR,102022.0,451957,0.0623,India,N-CSR
2009-11-30,Eastern & Oriental,Eastern & Oriental,1625850.0,447537,0.0617,Malaysia,N-CSR
2009-11-30,Chelyabinsk Zink Plant,Chelyabinsk Zink Plant GDR,143300.0,429900,0.0592,Russia,N-CSR
2009-11-30,Sify Technologies,Sify Technologies ADR,179300.0,346049,0.0477,India,N-CSR
2009-11-30,Triunfo Participacoes e Investmentos,Triunfo Participacoes e Investmentos,109600.0,342754,0.0472,Brazil,N-CSR
2009-11-30,KazMunaiGas Exploration Production,KazMunaiGas Exploration Production GDR,12918.0,311324,0.0429,Kazakhstan,N-CSR
2009-11-30,Mwana Africa,Mwana Africa,781129.0,179899,0.0248,United Kingdom,N-CSR
2009-11-30,Enel OGK-5,Enel OGK-5 ADR,21159.0,80000,0.011,Russia,N-CSR
2009-11-30,Alara Resources,Alara Resources,200832.0,34939,0.0048,Australia,N-CSR
2009-11-30,TGK-5,TGK-5 GDR,8772.0,13446,0.0019,Russia,N-CSR
2010-11-30,Yahoo!,Yahoo,3335000.0,52592950,3.6421,United States,N-CSR
2010-11-30,China Mobile,China Mobile ADR,1000000.0,49849999,3.4522,China/Hong Kong,N-CSR
2010-11-30,Petrobras,Petroleo Brasileiro SA ADR,1250000.0,40550000,2.8081,Brazil,N-CSR
2010-11-30,Vale,Vale Class A 1.96%,1400000.0,39183674,2.7135,Brazil,N-CSR
2010-11-30,Gazprom,Gazprom ADR,1650000.0,36696000,2.5413,Russia,N-CSR
2010-11-30,Bunge,Bunge,500000.0,30410000,2.1059,United States,N-CSR
2010-11-30,Petrobras,Petroleo Brasileiro SP ADR,1000000.0,29280000,2.0277,Brazil,N-CSR
2010-11-30,KB Financial,KB Financial Group ADR,550000.0,25322000,1.7536,Republic of Korea,N-CSR
2010-11-30,Archer-Daniels-Midland,Archer-Daniels-Midland,850000.0,24641500,1.7065,United States,N-CSR
2010-11-30,Eletrobras,Centrais Eletricas Brasileiras,1791671.0,23495441,1.6271,Brazil,N-CSR
2010-11-30,Samsung Electronics,Samsung Electronics,32000.0,22800492,1.579,Republic of Korea,N-CSR
2010-11-30,Hon Hai Precision,HON HAI Precision Industry,6000000.0,21317041,1.4762,Taiwan,N-CSR
2010-11-30,Siam Cement,Siam Cement NVDR,1843843.0,20227520,1.4008,Thailand,N-CSR
2010-11-30,Sberbank,Sberbank,6226817.0,19801278,1.3713,Russia,N-CSR
2010-11-30,Banco Santander Brasil,Banco Santander Brasil ADR,1450000.0,18922500,1.3104,Brazil,N-CSR
2010-11-30,Vodacom Group,Vodacom Group,1930090.0,18098036,1.2533,South Africa,N-CSR
2010-11-30,Google,Google Class A,32000.0,17782720,1.2315,United States,N-CSR
2010-11-30,OTP Bank,OTP Bank,780000.0,17780053,1.2313,Hungary,N-CSR
2010-11-30,Cemex,Cemex ADR,1965000.0,17763600,1.2302,Mexico,N-CSR
2010-11-30,Cresud,Cresud ADR,936869.0,17622506,1.2204,Argentina,N-CSR
2010-11-30,Standard Bank,Standard Bank Group,1200000.0,17283486,1.1969,South Africa,N-CSR
2010-11-30,Grupo Televisa,Grupo Televisa ADR,700000.0,16310000,1.1295,Mexico,N-CSR
2010-11-30,Samsung Electronics,Samsung Electronics 2.02%,31362.0,15646024,1.0835,Republic of Korea,N-CSR
2010-11-30,CNOOC,CNOOC ADR,70000.0,15070999,1.0437,China/Hong Kong,N-CSR
2010-11-30,MEMC Electronic Materials,MEMC Electronic Materials,1277000.0,14774890,1.0232,United States,N-CSR
2010-11-30,Reliance Industries,Reliance Industries 144A GDR,288124.0,12475768,0.864,India,N-CSR
2010-11-30,TSMC,Taiwan Semiconductor Manufacturing,6000000.0,12434108,0.8611,Taiwan,N-CSR
2010-11-30,PetroChina,PetroChina ADR,100000.0,12284000,0.8507,China/Hong Kong,N-CSR
2010-11-30,Sohu.com,Sohu.com,175000.0,12150250,0.8414,China/Hong Kong,N-CSR
2010-11-30,Lotte Chilsung Beverage,Lotte Chilsung Beverage,17000.0,12140760,0.8408,Republic of Korea,N-CSR
2010-11-30,Sasol,Sasol,272003.0,12102665,0.8381,South Africa,N-CSR
2010-11-30,Norilsk Nickel,MMC Norilsk Nickel ADR,600000.0,11987940,0.8302,Russia,N-CSR
2010-11-30,SK Telecom,SK Telecom ADR,660438.0,11874675,0.8223,Republic of Korea,N-CSR
2010-11-30,HTC,HTC,425250.0,11763488,0.8146,Taiwan,N-CSR
2010-11-30,Powszechna Kasa Oszczednosci Bank Polski,Powszechna Kasa Oszczednosci Bank Polski,800000.0,11087175,0.7678,Poland,N-CSR
2010-11-30,Samsung Life Insurance,Samsung Life Insurance,130000.0,10951516,0.7584,Republic of Korea,N-CSR
2010-11-30,ICBC,Industrial & Commercial Bank of China Class H,14000000.0,10850714,0.7514,China/Hong Kong,N-CSR
2010-11-30,BRF,Brasil Foods ADR,710000.0,10820400,0.7493,Brazil,N-CSR
2010-11-30,China Unicom,China Unicom Hong Kong,7998979.0,10765720,0.7455,China/Hong Kong,N-CSR
2010-11-30,UEM Land Holdings,UEM Land Holdings,15698475.0,10399433,0.7202,Malaysia,N-CSR
2010-11-30,SINA,Sina,160000.0,10243200,0.7094,China/Hong Kong,N-CSR
2010-11-30,Anglo American,Anglo American ADR,450000.0,9883080,0.6844,United Kingdom,N-CSR
2010-11-30,Bangkok Bank-Foreign,Bangkok Bank-Foreign,1999949.0,9717285,0.6729,Thailand,N-CSR
2010-11-30,Chunghwa Telecom,Chunghwa Telecom ADR,400000.0,9644000,0.6679,Taiwan,N-CSR
2010-11-30,America Movil Series L,America Movil Series L ADR,170000.0,9598200,0.6647,Mexico,N-CSR
2010-11-30,ArcelorMittal South Africa,ArcelorMittal South Africa,900000.0,9528658,0.6599,South Africa,N-CSR
2010-11-30,POSCO,POSCO ADR,95000.0,9351800,0.6476,Republic of Korea,N-CSR
2010-11-30,Anglo Platinum,Anglo Platinum,100000.0,9331025,0.6462,South Africa,N-CSR
2010-11-30,Fibria Celulose,Fibria Celulose ADR,600000.0,9168000,0.6349,Brazil,N-CSR
2010-11-30,Polska Grupa Energetyczna,Polska Grupa Energetyczna,1256389.0,9116652,0.6313,Poland,N-CSR
2010-11-30,Shanda Interactive Entertainment,Shanda Interactive Entertainment ADR,230000.0,9091900,0.6296,China/Hong Kong,N-CSR
2010-11-30,Bank of China,Bank of China Class H,17000000.0,9074788,0.6284,China/Hong Kong,N-CSR
2010-11-30,Formosa Chemicals & Fibre,Formosa Chemicals & Fibre,3007002.0,8903337,0.6166,Taiwan,N-CSR
2010-11-30,Cyrela Brazil Realty Empreendimentos e Participacoes,Cyrela Brazil Realty Empreendimentos e Participacoes,700000.0,8857143,0.6134,Brazil,N-CSR
2010-11-30,United Microelectronics,United Microelectronics,18000000.0,8820578,0.6108,Taiwan,N-CSR
2010-11-30,Anglo American,Anglo American,200000.0,8771806,0.6075,United Kingdom,N-CSR
2010-11-30,Israel Chemicals,Israel Chemicals,600000.0,8654882,0.5994,Israel,N-CSR
2010-11-30,Rosneft,Rosneft Oil GDR,1300000.0,8580000,0.5942,Russia,N-CSR
2010-11-30,KT,KT,213064.0,8511527,0.5894,Republic of Korea,N-CSR
2010-11-30,China Unicom,China Unicom Hong Kong ADR,628200.0,8443008,0.5847,China/Hong Kong,N-CSR
2010-11-30,Compaigne Minas Buenaventura,Compaigne Minas Buenaventura ADR,166400.0,8426496,0.5835,Peru,N-CSR
2010-11-30,AK Transneft,AK Transneft 0.61%,6500.0,8352500,0.5784,Russia,N-CSR
2010-11-30,Fomento Economico Mexicano,Fomento Economico Mexicano ADR,146122.0,8263199,0.5722,Mexico,N-CSR
2010-11-30,LUKOIL,LUKOIL ADR,150000.0,8221500,0.5694,Russia,N-CSR
2010-11-30,Steel Authority of India,Steel Authority of India,2123966.0,8170035,0.5658,India,N-CSR
2010-11-30,Lotte Confectionery,Lotte Confectionery,6730.0,8043454,0.557,Republic of Korea,N-CSR
2010-11-30,Banco Bradesco,Banco Bradesco ADR,400000.0,8024000,0.5557,Brazil,N-CSR
2010-11-30,Impala Platinum Holdings,Impala Platinum Holdings,280000.0,7991751,0.5534,South Africa,N-CSR
2010-11-30,Huaneng Power,Huaneng Power International ADR,370727.0,7978045,0.5525,China/Hong Kong,N-CSR
2010-11-30,VTB Bank,VTB Bank GDR,1232482.0,7838586,0.5428,Russia,N-CSR
2010-11-30,Petronas Chemicals Group,Petronas Chemicals Group,4577900.0,7732207,0.5355,Malaysia,N-CSR
2010-11-30,Itau Unibanco,Itau Unibanco Holding ADR,329200.0,7680236,0.5319,Brazil,N-CSR
2010-11-30,Hong Leong Bank,Hong Leong Bank,2549908.0,7377496,0.5109,Malaysia,N-CSR
2010-11-30,AES Tiete,AES Tiete,597480.0,7357888,0.5095,Brazil,N-CSR
2010-11-30,CCB,China Construction Bank Class H,8102000.0,7293079,0.5051,China/Hong Kong,N-CSR
2010-11-30,Gold Fields,Gold Fields ADR,431300.0,7198397,0.4985,South Africa,N-CSR
2010-11-30,SK Holdings,SK Holdings,64825.0,7101382,0.4918,Republic of Korea,N-CSR
2010-11-30,Polski Koncern Naftowy Orlen,Polski Koncern Naftowy Orlen,500000.0,6962709,0.4822,Poland,N-CSR
2010-11-30,Alibaba.com,Alibaba.com,4178500.0,6935800,0.4803,China/Hong Kong,N-CSR
2010-11-30,Turkiye Sise ve Cam Fabrikalari,Turkiye Sise ve Cam Fabrikalari,4049530.0,6933681,0.4802,Turkey,N-CSR
2010-11-30,Foxconn International Holdings,Foxconn International Holdings,9500000.0,6684299,0.4629,China/Hong Kong,N-CSR
2010-11-30,Shanda Games,Shanda Games ADR,1179549.0,6605474,0.4574,China/Hong Kong,N-CSR
2010-11-30,Yazicilar Holding,Yazicilar Holding Class A,832584.0,6389352,0.4425,Turkey,N-CSR
2010-11-30,Walsin Lihwa,Walsin Lihwa,10711756.0,6263370,0.4337,Taiwan,N-CSR
2010-11-30,PTT Exploration & Production-Foreign,PTT Exploration & Production-Foreign,1131800.0,6255522,0.4332,Thailand,N-CSR
2010-11-30,51job,51job ADR,118300.0,6002542,0.4157,China/Hong Kong,N-CSR
2010-11-30,IRSA,IRSA Inversiones y Representaciones ADR,358400.0,5748736,0.3981,Argentina,N-CSR
2010-11-30,Braskem,Braskem Class A,541994.0,5748613,0.3981,Brazil,N-CSR
2010-11-30,Torunlar Gayrimenkul Yatirim Ortakligi,Torunlar Gayrimenkul Yatirim Ortakligi,1408698.0,5713089,0.3956,Turkey,N-CSR
2010-11-30,President Chain Store,President Chain Store,1407372.0,5674645,0.393,Taiwan,N-CSR
2010-11-30,Tongaat Hulett,Tongaat Hulett,377000.0,5630894,0.3899,South Africa,N-CSR
2010-11-30,Sinopec,China Petroleum & Chemical ADR,60000.0,5570400,0.3858,China/Hong Kong,N-CSR
2010-11-30,JD Group,JD Group,723137.0,5556004,0.3848,South Africa,N-CSR
2010-11-30,CJ,CJ,80144.0,5492175,0.3803,Republic of Korea,N-CSR
2010-11-30,Tim Participacoes,Tim Participacoes ADR,170000.0,5467200,0.3786,Brazil,N-CSR
2010-11-30,Philippine Long Distance Telephone,Philippine Long Distance Telephone ADR,100000.0,5436000,0.3765,Philippines,N-CSR
2010-11-30,KLCC Property Holdings,KLCC Property Holdings,5000000.0,5383178,0.3728,Malaysia,N-CSR
2010-11-30,Korea Electric Power,Korea Electric Power,220420.0,5265380,0.3646,Republic of Korea,N-CSR
2010-11-30,Mobile TeleSystems,Mobile TeleSystems ADR,249750.0,5237258,0.3627,Russia,N-CSR
2010-11-30,PetroChina,PetroChina Class H,4242000.0,5213167,0.361,China/Hong Kong,N-CSR
2010-11-30,Evergreen Marine,Evergreen Marine,6140000.0,5162006,0.3575,Taiwan,N-CSR
2010-11-30,LG Display,LG Display ADR,302400.0,5152896,0.3568,Republic of Korea,N-CSR
2010-11-30,Travelsky Technology,Travelsky Technology,4849400.0,5118934,0.3545,China/Hong Kong,N-CSR
2010-11-30,Tianjin Development Holdings,Tianjin Development Holdings,6832900.0,5085604,0.3522,China/Hong Kong,N-CSR
2010-11-30,Bukit Asam,Tambang Batubara Bukit Asam,2379335.0,4920593,0.3408,Indonesia,N-CSR
2010-11-30,Turkcell Iletisim Hizmet,Turkcell Iletisim Hizmet,715275.0,4879128,0.3379,Turkey,N-CSR
2010-11-30,Tom Group,Tom Group,47824000.0,4802497,0.3326,China/Hong Kong,N-CSR
2010-11-30,Empresas ICA,Empresas ICA,1768800.0,4630804,0.3207,Mexico,N-CSR
2010-11-30,Alarko Holding,Alarko Holding,1970440.0,4453303,0.3084,Turkey,N-CSR
2010-11-30,Oriental Holdings,Oriental Holdings,2599980.0,4432285,0.3069,Malaysia,N-CSR
2010-11-30,First Pacific,First Pacific,5045002.0,4352613,0.3014,China/Hong Kong,N-CSR
2010-11-30,Sun International,Sun International,290543.0,4319505,0.2991,South Africa,N-CSR
2010-11-30,Turkiye Is Bankasi,Turkiye Is Bankasi Class C,1020914.0,3960075,0.2742,Turkey,N-CSR
2010-11-30,Alumina,Alumina ADR,500000.0,3800000,0.2632,Australia,N-CSR
2010-11-30,Franshion Properties China,Franshion Properties China,12008000.0,3762290,0.2605,China/Hong Kong,N-CSR
2010-11-30,Surgutneftegaz,Surgutneftegaz ADR,400000.0,3727520,0.2581,Russia,N-CSR
2010-11-30,China Telecom,China Telecom,7234000.0,3621030,0.2508,China/Hong Kong,N-CSR
2010-11-30,Shanghai Forte Land,Shanghai Forte Land,11740900.0,3593736,0.2489,China/Hong Kong,N-CSR
2010-11-30,Grupo Clarin,Grupo Clarin Class B 144A GDR,353200.0,3457757,0.2395,Argentina,N-CSR
2010-11-30,Braskem,Braskem ADR,161000.0,3456670,0.2394,Brazil,N-CSR
2010-11-30,Vale,Vale ADR,105000.0,3326400,0.2304,Brazil,N-CSR
2010-11-30,Datang International Power Generation,Datang International Power Generation,8998862.0,3223308,0.2232,China/Hong Kong,N-CSR
2010-11-30,SK Telecom,SK Telecom,21731.0,3210524,0.2223,Republic of Korea,N-CSR
2010-11-30,Hypermarcas,Hypermarcas,200000.0,3163848,0.2191,Brazil,N-CSR
2010-11-30,KT,KT ADR,150000.0,3051000,0.2113,Republic of Korea,N-CSR
2010-11-30,Korea Electric Power,Korea Electric Power ADR,255400.0,3041814,0.2107,Republic of Korea,N-CSR
2010-11-30,Huadian Power International,Huadian Power International,15000000.0,3030493,0.2099,China/Hong Kong,N-CSR
2010-11-30,Hyundai Elevator,Hyundai Elevator,40821.0,3029268,0.2098,Republic of Korea,N-CSR
2010-11-30,Guangshen Railway,Guangshen Railway Class H,7000000.0,2832549,0.1962,China/Hong Kong,N-CSR
2010-11-30,Coal India,Coal India,383581.0,2657010,0.184,India,N-CSR
2010-11-30,Aluminum Bahrain,Aluminum Bahrain 144A GDR,221400.0,2623590,0.1817,Kingdom of Bahrain,N-CSR
2010-11-30,Hollysys Automation Technologies,Hollysys Automation Technologies,188400.0,2564124,0.1776,China/Hong Kong,N-CSR
2010-11-30,Sinotrans,Sinotrans,7561000.0,2272328,0.1574,China/Hong Kong,N-CSR
2010-11-30,SK Communications,SK Communications,171609.0,2270862,0.1573,Republic of Korea,N-CSR
2010-11-30,Fosun International,Fosun International,2886500.0,2150216,0.1489,China/Hong Kong,N-CSR
2010-11-30,Eastern & Oriental,Eastern & Oriental,4877550.0,1784831,0.1236,Malaysia,N-CSR
2010-11-30,Griffin Mining,Griffin Mining,3056187.0,1734894,0.1201,United Kingdom,N-CSR
2010-11-30,Media Prima,Media Prima,2218400.0,1681794,0.1165,Malaysia,N-CSR
2010-11-30,Pampa Energia,Pampa Energia ADR,95300.0,1656314,0.1147,Argentina,N-CSR
2010-11-30,Xueda Education Group,Xueda Education Group ADR,128974.0,1592829,0.1103,China/Hong Kong,N-CSR
2010-11-30,Bitauto Holdings,Bitauto Holdings ADR,102988.0,1323396,0.0916,China/Hong Kong,N-CSR
2010-11-30,Gudang Garam,Gudang Garam,284500.0,1280239,0.0887,Indonesia,N-CSR
2010-11-30,Alarko Gayrimenkul Yatirim Ortakligi,Alarko Gayrimenkul Yatirim Ortakligi,97776.0,1031749,0.0715,Turkey,N-CSR
2010-11-30,Oil India,Oil India,26650.0,801281,0.0555,India,N-CSR
2010-11-30,Blue Label Telecoms,Blue Label Telecoms,635328.0,608805,0.0422,South Africa,N-CSR
2010-11-30,Chelyabinsk Zink Plant,Chelyabinsk Zink Plant GDR,143300.0,564602,0.0391,Russia,N-CSR
2010-11-30,Triunfo Participacoes e Investmentos,Triunfo Participacoes e Investmentos,109600.0,555988,0.0385,Brazil,N-CSR
2010-11-30,Strike Resources,Strike Resources,1618461.0,549975,0.0381,Australia,N-CSR
2010-11-30,Leoch International Technology,Leoch International Technology,731000.0,385976,0.0267,China/Hong Kong,N-CSR
2010-11-30,Indiabulls Real Estate,Indiabulls Real Estate GDR,102021.0,341933,0.0237,India,N-CSR
2010-11-30,Bank of China,Bank of China,1700000.0,306504,0.0212,China,N-CSR
2010-11-30,ICBC,Industrial & Commercial Bank of China,630000.0,206890,0.0143,China,N-CSR
2010-11-30,CCB,China Construction Bank,567140.0,192090,0.0133,China,N-CSR
2010-11-30,Mwana Africa,Mwana Africa,781129.0,111159,0.0077,United Kingdom,N-CSR
2010-11-30,Enel OGK-5,Enel OGK-5 GDR,21161.0,95271,0.0066,Russia,N-CSR
2010-11-30,Alara Resources,Alara Resources,200833.0,51004,0.0035,Australia,N-CSR
2010-11-30,TGK-5,TGK-5 GDR,8771.0,19355,0.0013,Russia,N-CSR
2010-11-30,Hypermarcas,Hypermarcas,200.0,16,0.0,Brazil,N-CSR
2011-11-30,Avon Products,Avon Products,6450000.0,109650000,4.5238,United States,N-CSR
2011-11-30,Petrobras,Petroleo Brasileiro SA ADR,3225000.0,87042751,3.5911,Brazil,N-CSR
2011-11-30,Samsung Electronics,Samsung Electronics,95000.0,86624357,3.5738,Republic of Korea,N-CSR
2011-11-30,Yahoo!,Yahoo,5300000.0,83263000,3.4351,United States,N-CSR
2011-11-30,Archer-Daniels-Midland,Archer-Daniels-Midland,1650000.0,49698000,2.0504,United States,N-CSR
2011-11-30,China Mobile,China Mobile ADR,900000.0,44703001,1.8443,China/Hong Kong,N-CSR
2011-11-30,Hon Hai Precision,HON HAI Precision Industry,16300000.0,44339183,1.8293,Taiwan,N-CSR
2011-11-30,Grupo Televisa,Grupo Televisa ADR,2090000.0,43388400,1.7901,Mexico,N-CSR
2011-11-30,SK Telecom,SK Telecom ADR,2822330.0,41742261,1.7221,Republic of Korea,N-CSR
2011-11-30,Gazprom,Gazprom ADR,3119000.0,35868500,1.4798,Russia,N-CSR
2011-11-30,Standard Bank,Standard Bank Group,2904015.0,35432903,1.4618,South Africa,N-CSR
2011-11-30,KB Financial,KB Financial Group ADR,950000.0,33155000,1.3679,Republic of Korea,N-CSR
2011-11-30,Reliance Industries,Reliance Industries 144A GDR,1080000.0,32533080,1.3422,India,N-CSR
2011-11-30,Vale,Vale Class A 7.39%,1400000.0,30217331,1.2467,Brazil,N-CSR
2011-11-30,KT,KT ADR,1867480.0,29973054,1.2366,Republic of Korea,N-CSR
2011-11-30,Samsung Life Insurance,Samsung Life Insurance 144A,400000.0,29849378,1.2315,Republic of Korea,N-CSR
2011-11-30,BRF,Brasil Foods ADR,1450000.0,29217500,1.2054,Brazil,N-CSR
2011-11-30,Shanda Interactive Entertainment,Shanda Interactive Entertainment ADR,727080.0,29134096,1.202,China/Hong Kong,N-CSR
2011-11-30,Lotte Chilsung Beverage,Lotte Chilsung Beverage,23000.0,28035385,1.1566,Republic of Korea,N-CSR
2011-11-30,CNOOC,CNOOC ADR,144000.0,27838080,1.1485,China/Hong Kong,N-CSR
2011-11-30,Petrobras,Petroleo Brasileiro SP ADR,1100000.0,27577000,1.1377,Brazil,N-CSR
2011-11-30,China Unicom,China Unicom Hong Kong ADR,1225000.0,26423250,1.0901,China/Hong Kong,N-CSR
2011-11-30,Fibria Celulose,Fibria Celulose ADR,3300000.0,25674000,1.0592,Brazil,N-CSR
2011-11-30,KCC,KCC,118000.0,24833862,1.0246,Republic of Korea,N-CSR
2011-11-30,YPF,YPF ADR,706618.0,24738697,1.0206,Argentina,N-CSR
2011-11-30,China Telecom,China Telecom,40000000.0,24536974,1.0123,China/Hong Kong,N-CSR
2011-11-30,United Microelectronics,United Microelectronics,55000000.0,24411470,1.0071,Taiwan,N-CSR
2011-11-30,Vodacom Group,Vodacom Group,2148460.0,24305855,1.0028,South Africa,N-CSR
2011-11-30,Cemex,Cemex ADR,5150000.0,23999000,0.9901,Mexico,N-CSR
2011-11-30,China Unicom,China Unicom Hong Kong,9998979.0,21708224,0.8956,China/Hong Kong,N-CSR
2011-11-30,Itau Unibanco,Itau Unibanco Holding ADR,1200000.0,21360000,0.8812,Brazil,N-CSR
2011-11-30,ICBC,Industrial & Commercial Bank of China Class H,35000000.0,20407012,0.8419,China/Hong Kong,N-CSR
2011-11-30,Gol Linhas Aereas Inteligentes,Gol Linhas Aereas Inteligentes ADR,2648900.0,20078662,0.8284,Brazil,N-CSR
2011-11-30,CCB,China Construction Bank Class H,28000000.0,19836869,0.8184,China/Hong Kong,N-CSR
2011-11-30,SINA,Sina,300000.0,19824000,0.8179,China/Hong Kong,N-CSR
2011-11-30,Eletrobras,Centrais Eletricas Brasileiras,2140204.0,19611337,0.8091,Brazil,N-CSR
2011-11-30,Siam Cement,Siam Cement NVDR,1843843.0,19250695,0.7942,Thailand,N-CSR
2011-11-30,Sasol,Sasol,400000.0,19198360,0.7921,South Africa,N-CSR
2011-11-30,Mobile TeleSystems,Mobile TeleSystems ADR,1100000.0,19008000,0.7842,Russia,N-CSR
2011-11-30,Sberbank,Sberbank,6716817.0,18941424,0.7815,Russia,N-CSR
2011-11-30,Hypermarcas,Hypermarcas,4000000.0,18027982,0.7438,Brazil,N-CSR
2011-11-30,Banco Santander Brasil,Banco Santander Brasil ADR,2325000.0,17949000,0.7405,Brazil,N-CSR
2011-11-30,United Spirits,United Spirits,1300000.0,17764131,0.7329,India,N-CSR
2011-11-30,Gerdau,Gerdau,2764900.0,17721170,0.7311,Brazil,N-CSR
2011-11-30,Buenaventura,Cia de Minas Buenaventura ADR,450000.0,17617500,0.7268,Peru,N-CSR
2011-11-30,TSMC,Taiwan Semiconductor Manufacturing,7000000.0,17553700,0.7242,Taiwan,N-CSR
2011-11-30,Samsung Electronics,Samsung Electronics 0.84%,31362.0,17520817,0.7228,Republic of Korea,N-CSR
2011-11-30,Sohu.com,Sohu.com,340000.0,16809600,0.6935,China/Hong Kong,N-CSR
2011-11-30,UEM Land Holdings,UEM Land Holdings,22999975.0,16547673,0.6827,Malaysia,N-CSR
2011-11-30,Cresud,Cresud ADR,1442769.0,15870459,0.6548,Argentina,N-CSR
2011-11-30,GPA (Pao de Acucar),Cia Brasileira de Distribuicao Grupo Pao de Acucar ADR,432500.0,15812200,0.6524,Brazil,N-CSR
2011-11-30,Vale,Vale ADR,680000.0,15810000,0.6523,Brazil,N-CSR
2011-11-30,PetroChina,PetroChina ADR,120000.0,15690000,0.6473,China/Hong Kong,N-CSR
2011-11-30,VTB Bank,VTB Bank GDR,3523744.0,15465892,0.6381,Russia,N-CSR
2011-11-30,Uni-President China,Uni-President China Holdings,28000000.0,15426008,0.6364,China/Hong Kong,N-CSR
2011-11-30,Lotte Confectionery,Lotte Confectionery,10443.0,15385315,0.6347,Republic of Korea,N-CSR
2011-11-30,Anglo American,Anglo American,401546.0,15335672,0.6327,United Kingdom,N-CSR
2011-11-30,Google,Google Class A,25000.0,14984750,0.6182,United States,N-CSR
2011-11-30,Rosneft,Rosneft Oil GDR,2000000.0,14637098,0.6039,Russia,N-CSR
2011-11-30,ICICI Bank,ICICI Bank ADR,500000.0,14555000,0.6005,India,N-CSR
2011-11-30,CJ,CJ,200000.0,14351105,0.5921,Republic of Korea,N-CSR
2011-11-30,China Mengniu Dairy,China Mengniu Dairy,3871000.0,14023967,0.5786,China/Hong Kong,N-CSR
2011-11-30,Airports of Thailand - Foreign,Airports of Thailand - Foreign,10000000.0,13906856,0.5737,Thailand,N-CSR
2011-11-30,Turkcell Iletisim Hizmet,Turkcell Iletisim Hizmet ADR,1085000.0,13671000,0.564,Turkey,N-CSR
2011-11-30,MTN Group,MTN Group,750000.0,13516883,0.5577,South Africa,N-CSR
2011-11-30,China Coal Energy,China Coal Energy Class H,11000000.0,13109779,0.5409,China/Hong Kong,N-CSR
2011-11-30,Gerdau,Gerdau ADR,1700000.0,13056000,0.5386,Brazil,N-CSR
2011-11-30,SK Holdings,SK Holdings,100000.0,13050199,0.5384,Republic of Korea,N-CSR
2011-11-30,Bunge,Bunge,200000.0,12500000,0.5157,United States,N-CSR
2011-11-30,Bangkok Bank - Foreign,Bangkok Bank - Foreign,2300000.0,12027593,0.4962,Thailand,N-CSR
2011-11-30,Tongaat Hulett,Tongaat Hulett,1000000.0,11991369,0.4947,South Africa,N-CSR
2011-11-30,AK Transneft,AK Transneft 0.68%,7239.0,11943554,0.4927,Russia,N-CSR
2011-11-30,MEMC Electronic Materials,MEMC Electronic Materials,2850000.0,11884500,0.4903,United States,N-CSR
2011-11-30,LG Display,LG Display ADR,1000000.0,11750000,0.4848,Republic of Korea,N-CSR
2011-11-30,"Cemex exercise price $10.85, expiration date 3/15/16","Cemex 144A 3.25% exercise price $10.85, expiration date 3/15/16",20000000.0,11375000,0.4693,Mexico,N-CSR
2011-11-30,ArcelorMittal South Africa,ArcelorMittal South Africa,1465993.0,11161081,0.4605,South Africa,N-CSR
2011-11-30,Grupo Financiero Banorte,Grupo Financiero Banorte,3278400.0,11094396,0.4577,Mexico,N-CSR
2011-11-30,LG Uplus,LG Uplus,1840040.0,11021578,0.4547,Republic of Korea,N-CSR
2011-11-30,Cyrela Brazil Realty Empreendimentos e Participacoes,Cyrela Brazil Realty Empreendimentos e Participacoes,1300000.0,10805176,0.4458,Brazil,N-CSR
2011-11-30,Impala Platinum Holdings,Impala Platinum Holdings,500000.0,10638524,0.4389,South Africa,N-CSR
2011-11-30,E-MART,E-MART,39910.0,10374871,0.428,Republic of Korea,N-CSR
2011-11-30,Hong Leong Bank,Hong Leong Bank,3059889.0,10168863,0.4195,Malaysia,N-CSR
2011-11-30,Fomento Economico Mexicano,Fomento Economico Mexicano ADR,146122.0,9966982,0.4112,Mexico,N-CSR
2011-11-30,Bank of China,Bank of China Class H,30000000.0,9781337,0.4035,China/Hong Kong,N-CSR
2011-11-30,LUKOIL,LUKOIL ADR,170000.0,9555700,0.3942,Russia,N-CSR
2011-11-30,Shanda Games,Shanda Games ADR,2122400.0,9550800,0.394,China/Hong Kong,N-CSR
2011-11-30,Steel Authority of India,Steel Authority of India,6000000.0,9431536,0.3891,India,N-CSR
2011-11-30,LUKOIL,LUKOIL ADR (London International Exchange),167328.0,9421883,0.3887,Russia,N-CSR
2011-11-30,Foxconn International Holdings,Foxconn International Holdings,14370000.0,9180114,0.3787,China/Hong Kong,N-CSR
2011-11-30,Norilsk Nickel,MMC Norilsk Nickel ADR,511337.0,9028790,0.3725,Russia,N-CSR
2011-11-30,OTP Bank,OTP Bank,600000.0,8912656,0.3677,Hungary,N-CSR
2011-11-30,Philippine Long Distance Telephone,Philippine Long Distance Telephone ADR,159960.0,8829792,0.3643,Philippines,N-CSR
2011-11-30,Petronas Chemicals Group,Petronas Chemicals Group,4577900.0,8820931,0.3639,Malaysia,N-CSR
2011-11-30,HTC,HTC,524213.0,8632607,0.3562,Taiwan,N-CSR
2011-11-30,Anglo American,Anglo American ADR,450000.0,8563860,0.3533,United Kingdom,N-CSR
2011-11-30,Huaneng Power,Huaneng Power International ADR,400000.0,8512000,0.3512,China/Hong Kong,N-CSR
2011-11-30,Gold Fields,Gold Fields ADR,500000.0,8470000,0.3494,South Africa,N-CSR
2011-11-30,Anglo American Platinum,Anglo American Platinum,120000.0,8190748,0.3379,South Africa,N-CSR
2011-11-30,Israel Chemicals,Israel Chemicals,750000.0,8075742,0.3332,Israel,N-CSR
2011-11-30,Formosa Chemicals & Fibre,Formosa Chemicals & Fibre,3007002.0,7909717,0.3263,Taiwan,N-CSR
2011-11-30,IRSA,IRSA Inversiones y Representaciones ADR,782967.0,7829670,0.323,Argentina,N-CSR
2011-11-30,Turkiye Sise ve Cam Fabrikalari,Turkiye Sise ve Cam Fabrikalari,4601738.0,7783645,0.3211,Turkey,N-CSR
2011-11-30,Etalon Group,Etalon Group 144A,1616300.0,7670960,0.3165,Russia,N-CSR
2011-11-30,Focus Media Holding,Focus Media Holding ADR,403304.0,7469190,0.3082,China/Hong Kong,N-CSR
2011-11-30,Cathay Financial Holding,Cathay Financial Holding,7140000.0,7466139,0.308,Taiwan,N-CSR
2011-11-30,KT,KT,226764.0,7275899,0.3002,Republic of Korea,N-CSR
2011-11-30,Polski Koncern Naftowy Orlen,Polski Koncern Naftowy Orlen,600000.0,7229076,0.2982,Poland,N-CSR
2011-11-30,Tianjin Development Holdings,Tianjin Development Holdings,15559550.0,7219030,0.2978,China/Hong Kong,N-CSR
2011-11-30,President Chain Store,President Chain Store,1407372.0,7094912,0.2927,Taiwan,N-CSR
2011-11-30,AES Tiete,AES Tiete,597480.0,7087290,0.2924,Brazil,N-CSR
2011-11-30,Jastrzebska Spolka Weglowa,Jastrzebska Spolka Weglowa,254155.0,6985455,0.2882,Poland,N-CSR
2011-11-30,Tim Participacoes,Tim Participacoes ADR,285804.0,6804993,0.2808,Brazil,N-CSR
2011-11-30,Korea Electric Power,Korea Electric Power ADR,600000.0,6660000,0.2748,Republic of Korea,N-CSR
2011-11-30,Marfrig Alimentos,Marfrig Alimentos,1464800.0,6658550,0.2747,Brazil,N-CSR
2011-11-30,SK Telecom,SK Telecom,49221.0,6607952,0.2726,Republic of Korea,N-CSR
2011-11-30,B2W / Americanas,B2W Cia Global Do Varejo,1117800.0,6274219,0.2589,Brazil,N-CSR
2011-11-30,Empresas ICA,Empresas ICA,4500000.0,5886774,0.2429,Mexico,N-CSR
2011-11-30,"exercise price $10.85, expiration date 3/15/18","3.75% exercise price $10.85, expiration date 3/15/18",10000000.0,5712500,0.2357,Mexico,N-CSR
2011-11-30,PTT Exploration & Production - Foreign,PTT Exploration & Production - Foreign,1131800.0,5691944,0.2348,Thailand,N-CSR
2011-11-30,First Pacific,First Pacific,5045002.0,5644856,0.2329,China/Hong Kong,N-CSR
2011-11-30,Fubon Financial Holding,Fubon Financial Holding,5249728.0,5473369,0.2258,Taiwan,N-CSR
2011-11-30,CSN,Cia Siderurgica Nacional ADR,620000.0,5146000,0.2123,Brazil,N-CSR
2011-11-30,KLCC Property Holdings,KLCC Property Holdings,5000000.0,4923555,0.2031,Malaysia,N-CSR
2011-11-30,Hollysys Automation Technologies,Hollysys Automation Technologies,550000.0,4867500,0.2008,China/Hong Kong,N-CSR
2011-11-30,Surgutneftegaz,Surgutneftegaz ADR,500000.0,4806057,0.1983,Russia,N-CSR
2011-11-30,Travelsky Technology,Travelsky Technology,8999100.0,4706818,0.1942,China/Hong Kong,N-CSR
2011-11-30,Bukit Asam,Tambang Batubara Bukit Asam,2379335.0,4581023,0.189,Indonesia,N-CSR
2011-11-30,United Microelectronics,United Microelectronics ADR,2000000.0,4580000,0.189,Taiwan,N-CSR
2011-11-30,Yazicilar Holding,Yazicilar Holding Class A,832584.0,4316937,0.1781,Turkey,N-CSR
2011-11-30,Huadian Power International,Huadian Power International,22932000.0,4301010,0.1774,China/Hong Kong,N-CSR
2011-11-30,Tom Group,Tom Group,47824000.0,4199177,0.1732,China/Hong Kong,N-CSR
2011-11-30,JD Group,JD Group,723137.0,4194708,0.1731,South Africa,N-CSR
2011-11-30,Braskem,Braskem Class A 5.81%,541994.0,4193163,0.173,Brazil,N-CSR
2011-11-30,Datang International Power Generation,Datang International Power Generation Class H,11998862.0,4112991,0.1697,China/Hong Kong,N-CSR
2011-11-30,Guangshen Railway,Guangshen Railway Class H,11000000.0,3989979,0.1646,China/Hong Kong,N-CSR
2011-11-30,Renren,Renren ADR,1039800.0,3847260,0.1587,China/Hong Kong,N-CSR
2011-11-30,China Huiyuan Juice Group,China Huiyuan Juice Group,9998000.0,3804421,0.157,China/Hong Kong,N-CSR
2011-11-30,Oriental Holdings,Oriental Holdings,2599980.0,3585505,0.1479,Malaysia,N-CSR
2011-11-30,Turkcell Iletisim Hizmet,Turkcell Iletisim Hizmet,715275.0,3575795,0.1475,Turkey,N-CSR
2011-11-30,Evergreen Marine,Evergreen Marine,6753968.0,3331177,0.1374,Taiwan,N-CSR
2011-11-30,Walsin Lihwa,Walsin Lihwa,10711756.0,3264576,0.1347,Taiwan,N-CSR
2011-11-30,Alarko Holding,Alarko Holding,1970440.0,3243254,0.1338,Turkey,N-CSR
2011-11-30,Alibaba.com,Alibaba.com,3000000.0,3113964,0.1285,China/Hong Kong,N-CSR
2011-11-30,Sun International,Sun International,290543.0,3098887,0.1278,South Africa,N-CSR
2011-11-30,Alumina,Alumina ADR,500000.0,2950000,0.1217,Australia,N-CSR
2011-11-30,Sinotrans,Sinotrans Class H,15326332.0,2945586,0.1215,China/Hong Kong,N-CSR
2011-11-30,Ranbaxy Laboratories,Ranbaxy Laboratories,335000.0,2840599,0.1172,India,N-CSR
2011-11-30,Braskem,Braskem ADR,161000.0,2571170,0.1061,Brazil,N-CSR
2011-11-30,Coal India,Coal India,383581.0,2446870,0.1009,India,N-CSR
2011-11-30,SK Communications,SK Communications,171609.0,2309020,0.0953,Republic of Korea,N-CSR
2011-11-30,Magazine Luiza,Magazine Luiza,378700.0,2282713,0.0942,Brazil,N-CSR
2011-11-30,Eastern & Oriental,Eastern & Oriental,4877550.0,2203643,0.0909,Malaysia,N-CSR
2011-11-30,Turkiye Is Bankasi,Turkiye Is Bankasi Class C,1020914.0,2114419,0.0872,Turkey,N-CSR
2011-11-30,Kunlun Energy,Kunlun Energy,1500000.0,2034240,0.0839,China/Hong Kong,N-CSR
2011-11-30,Griffin Mining,Griffin Mining,3056187.0,1870707,0.0772,United Kingdom,N-CSR
2011-11-30,Credicorp,Credicorp,16672.0,1810913,0.0747,Peru,N-CSR
2011-11-30,MStar Semiconductor,MStar Semiconductor,330267.0,1775966,0.0733,Taiwan,N-CSR
2011-11-30,Grupo Clarin,Grupo Clarin Class B 144A GDR,353200.0,1715280,0.0708,Argentina,N-CSR
2011-11-30,Aluminum Bahrain,Aluminum Bahrain 144A GDR,221400.0,1614781,0.0666,Kingdom of Bahrain,N-CSR
2011-11-30,Fosun International,Fosun International,2886500.0,1593412,0.0657,China/Hong Kong,N-CSR
2011-11-30,Hyundai Elevator,Hyundai Elevator,10160.0,1273533,0.0525,Republic of Korea,N-CSR
2011-11-30,Blue Label Telecoms,Blue Label Telecoms,1770000.0,1272568,0.0525,South Africa,N-CSR
2011-11-30,Pampa Energia,Pampa Energia ADR,95300.0,1120728,0.0462,Argentina,N-CSR
2011-11-30,Bitauto Holdings,Bitauto Holdings ADR,205400.0,1000298,0.0413,China/Hong Kong,N-CSR
2011-11-30,Alarko Gayrimenkul Yatirim Ortakligi,Alarko Gayrimenkul Yatirim Ortakligi,97776.0,922776,0.0381,Turkey,N-CSR
2011-11-30,Oil India,Oil India,26650.0,580339,0.0239,India,N-CSR
2011-11-30,Chelyabinsk Zink Plant,Chelyabinsk Zink Plant GDR,143300.0,356143,0.0147,Russia,N-CSR
2011-11-30,Jiayuan.com International,Jiayuan.com International ADR,46557.0,343591,0.0142,China/Hong Kong,N-CSR
2011-11-30,Strike Resources,Strike Resources,1618461.0,340676,0.0141,Australia,N-CSR
2011-11-30,Indiabulls Real Estate,Indiabulls Real Estate GDR,102021.0,120629,0.005,India,N-CSR
2011-11-30,Enel OGK-5,Enel OGK-5 GDR,21161.0,67514,0.0028,Russia,N-CSR
2011-11-30,Alara Resources,Alara Resources,200832.0,59901,0.0025,Australia,N-CSR
2011-11-30,Mwana Africa,Mwana Africa,781129.0,50572,0.0021,United Kingdom,N-CSR
2011-11-30,TGK-5,TGK-5 GDR,8771.0,8786,0.0004,Russia,N-CSR
2012-11-30,Samsung Electronics,Samsung Electronics,85055.0,110473283,5.9571,Republic of Korea,N-CSR
2012-11-30,Yahoo!,Yahoo,5200000.0,97604000,5.2631,United States,N-CSR
2012-11-30,Avon Products,Avon Products,6450000.0,89977500,4.8519,United States,N-CSR
2012-11-30,Petrobras,Petroleo Brasileiro SA ADR,3400000.0,61098000,3.2946,Brazil,N-CSR
2012-11-30,Grupo Televisa,Grupo Televisa ADR,2090000.0,49470300,2.6676,Mexico,N-CSR
2012-11-30,Hon Hai Precision,Hon Hai Precision Industry,15381000.0,49320805,2.6595,Taiwan,N-CSR
2012-11-30,SK Telecom,SK Telecom ADR,3204700.0,48935769,2.6388,Republic of Korea,N-CSR
2012-11-30,Reliance Industries,Reliance Industries 144A GDR,1370003.0,40319189,2.1741,India,N-CSR
2012-11-30,Uni-President China,Uni-President China Holdings,30469000.0,39942845,2.1538,China/Hong Kong,N-CSR
2012-11-30,Fibria Celulose,Fibria Celulose ADR,3800000.0,38418000,2.0716,Brazil,N-CSR
2012-11-30,KB Financial,KB Financial Group ADR,1006900.0,33096803,1.7847,Republic of Korea,N-CSR
2012-11-30,KCC,KCC,118000.0,31175982,1.6811,Republic of Korea,N-CSR
2012-11-30,Sohu.com,Sohu.com,780000.0,31067400,1.6753,China/Hong Kong,N-CSR
2012-11-30,CNOOC,CNOOC ADR,144000.0,30695040,1.6552,China/Hong Kong,N-CSR
2012-11-30,Lotte Chilsung Beverage,Lotte Chilsung Beverage,23000.0,30170901,1.6269,Republic of Korea,N-CSR
2012-11-30,Cemex,Cemex ADR,3300000.0,29370000,1.5837,Mexico,N-CSR
2012-11-30,KT,KT ADR,1700000.0,29257000,1.5776,Republic of Korea,N-CSR
2012-11-30,Hypermarcas,Hypermarcas,4000000.0,28837601,1.555,Brazil,N-CSR
2012-11-30,BRF,Brasil Foods ADR,1450000.0,26607500,1.4348,Brazil,N-CSR
2012-11-30,Itau Unibanco,Itau Unibanco Holding ADR,1700000.0,25755000,1.3888,Brazil,N-CSR
2012-11-30,China Mobile,China Mobile ADR,440000.0,25044800,1.3505,China/Hong Kong,N-CSR
2012-11-30,Vale,Vale Class A 6.09%,1400000.0,24053182,1.297,Brazil,N-CSR
2012-11-30,Samsung Electronics,Samsung Electronics 0.65%,31362.0,23872783,1.2873,Republic of Korea,N-CSR
2012-11-30,TSMC,Taiwan Semiconductor Manufacturing,7000000.0,23770858,1.2818,Taiwan,N-CSR
2012-11-30,Gazprom,Gazprom ADR,2600000.0,23114000,1.2464,Russia,N-CSR
2012-11-30,Samsung Life Insurance,Samsung Life Insurance,250000.0,21478060,1.1582,Republic of Korea,N-CSR
2012-11-30,CCB,China Construction Bank,28000000.0,21460091,1.1572,China/Hong Kong,N-CSR
2012-11-30,Airports of Thailand-Foreign,Airports of Thailand-Foreign,7000000.0,21422758,1.1552,Thailand,N-CSR
2012-11-30,Kunlun Energy,Kunlun Energy,10000000.0,20360765,1.0979,China/Hong Kong,N-CSR
2012-11-30,Standard Bank,Standard Bank Group,1630442.0,19283722,1.0398,South Africa,N-CSR
2012-11-30,Mobile Telesystems,Mobile Telesystems ADR,1100000.0,19173000,1.0339,Russia,N-CSR
2012-11-30,Gerdau,Gerdau,2764900.0,19169594,1.0337,Brazil,N-CSR
2012-11-30,MegaFon,MegaFon GDR,900000.0,18945000,1.0216,Russia,N-CSR
2012-11-30,Sberbank,Sberbank,5944801.0,17606123,0.9494,Russia,N-CSR
2012-11-30,GPA (Pao de Acucar),Cia Brasileira de Distribuicao Grupo Pao de Acucar ADR,400000.0,17312000,0.9335,Brazil,N-CSR
2012-11-30,Rosneft,Rosneft GDR,2194500.0,17117100,0.923,Russia,N-CSR
2012-11-30,China Unicom,China Unicom Hong Kong ADR,1088334.0,16901827,0.9114,China/Hong Kong,N-CSR
2012-11-30,Sasol,Sasol,400000.0,16856290,0.9089,South Africa,N-CSR
2012-11-30,United Microelectronics,United Microelectronics,43000000.0,16643730,0.8975,Taiwan,N-CSR
2012-11-30,LG Electronics,LG Electronics,233877.0,16484818,0.8889,Republic of Korea,N-CSR
2012-11-30,Turkcell Iletisim Hizmet,Turkcell Iletisim Hizmet ADR,1085000.0,16437750,0.8864,Turkey,N-CSR
2012-11-30,SINA,Sina,350000.0,15932000,0.8591,China/Hong Kong,N-CSR
2012-11-30,LG Display,LG Display ADR,1000000.0,15880000,0.8563,Republic of Korea,N-CSR
2012-11-30,AK Transneft,AK Transneft 1.04%,7239.0,15361954,0.8284,Russia,N-CSR
2012-11-30,UEM Land Holdings,UEM Land Holdings,21535575.0,14948618,0.8061,Malaysia,N-CSR
2012-11-30,Hong Leong Bank,Hong Leong Bank,3059889.0,14757126,0.7958,Malaysia,N-CSR
2012-11-30,Lotte Confectionery,Lotte Confectionery,10719.0,14516447,0.7828,Republic of Korea,N-CSR
2012-11-30,Bangkok Bank-Foreign,Bangkok Bank-Foreign,2300000.0,14452222,0.7793,Thailand,N-CSR
2012-11-30,Banco Santander Brasil,Banco Santander Brasil ADR,2150000.0,14383500,0.7756,Brazil,N-CSR
2012-11-30,Fomento Economico Mexicano,Fomento Economico Mexicano ADR,146122.0,14331646,0.7728,Mexico,N-CSR
2012-11-30,China Mengniu Dairy,China Mengniu Dairy,4860000.0,13607649,0.7338,China/Hong Kong,N-CSR
2012-11-30,ICBC,Industrial & Commercial Bank of China,20000000.0,13496426,0.7278,China/Hong Kong,N-CSR
2012-11-30,Gol Linhas Aereas Inteligentes,Gol Linhas Aereas Inteligentes ADR,2732300.0,13142363,0.7087,Brazil,N-CSR
2012-11-30,Sinopec,China Petroleum & Chemical,12166500.0,12904006,0.6958,China/Hong Kong,N-CSR
2012-11-30,LG Uplus,LG Uplus,1840040.0,12697551,0.6847,Republic of Korea,N-CSR
2012-11-30,Bank of China,Bank of China,30000000.0,12657738,0.6825,China/Hong Kong,N-CSR
2012-11-30,Cresud,Cresud ADR,1442769.0,12378958,0.6675,Argentina,N-CSR
2012-11-30,Vodacom Group,Vodacom Group,900000.0,12046634,0.6496,South Africa,N-CSR
2012-11-30,Tongaat Hulett,Tongaat Hulett,827113.0,11815302,0.6371,South Africa,N-CSR
2012-11-30,LUKOIL,LUKOIL ADR,170000.0,10698100,0.5769,Russia,N-CSR
2012-11-30,MEMC Electronic Materials,MEMC Electronic Materials,3600000.0,10548000,0.5688,United States,N-CSR
2012-11-30,LUKOIL,LUKOIL ADR (London International Exchange),167328.0,10533298,0.568,Russia,N-CSR
2012-11-30,Empresas ICA,Empresas ICA,4500000.0,10250918,0.5528,Mexico,N-CSR
2012-11-30,Tim Participacoes,Tim Participacoes ADR,568604.0,10081349,0.5436,Brazil,N-CSR
2012-11-30,SK Telecom,SK Telecom,69471.0,9658555,0.5208,Republic of Korea,N-CSR
2012-11-30,Baidu,Baidu ADR,100000.0,9631000,0.5193,China/Hong Kong,N-CSR
2012-11-30,YPF,YPF ADR,800000.0,9096000,0.4905,Argentina,N-CSR
2012-11-30,Polski Koncern Naftowy Orlen,Polski Koncern Naftowy Orlen,600000.0,8698410,0.469,Poland,N-CSR
2012-11-30,Impala Platinum Holdings,Impala Platinum Holdings,500000.0,8135134,0.4387,South Africa,N-CSR
2012-11-30,B2W / Americanas,B2W Cia Global Do Varejo,1117800.0,8006339,0.4317,Brazil,N-CSR
2012-11-30,Etalon Group,Etalon Group GDR 144A,1616300.0,7677425,0.414,Russia,N-CSR
2012-11-30,Eletrobras,Centrais Eletricas Brasileiras,2140204.0,7664698,0.4133,Brazil,N-CSR
2012-11-30,Tianjin Development Holdings,Tianjin Development Holdings,15559550.0,7528620,0.406,China/Hong Kong,N-CSR
2012-11-30,Turkiye Sise ve Cam Fabrikalari,Turkiye Sise ve Cam Fabrikalari,5100968.0,7506040,0.4048,Turkey,N-CSR
2012-11-30,Korea Electric Power,Korea Electric Power ADR,600000.0,7362000,0.397,Republic of Korea,N-CSR
2012-11-30,Foxconn International Holdings,Foxconn International Holdings,14370000.0,7268251,0.3919,China/Hong Kong,N-CSR
2012-11-30,Jastrzebska Spolka Weglowa,Jastrzebska Spolka Weglowa,254155.0,7050679,0.3802,Poland,N-CSR
2012-11-30,Shanda Games,Shanda Games ADR,2122400.0,6579440,0.3548,China/Hong Kong,N-CSR
2012-11-30,IRSA,IRSA Inversiones y Representaciones ADR,867000.0,6181710,0.3333,Argentina,N-CSR
2012-11-30,Hollysys Automation Technologies,Hollysys Automation Technologies,550000.0,5973000,0.3221,China/Hong Kong,N-CSR
2012-11-30,Huadian Power International,Huadian Power International,19166000.0,5712557,0.308,China/Hong Kong,N-CSR
2012-11-30,AES Tiete,AES Tiete,597480.0,5608105,0.3024,Brazil,N-CSR
2012-11-30,Tom Group,Tom Group,47638000.0,5224678,0.2817,China/Hong Kong,N-CSR
2012-11-30,Travelsky Technology,Travelsky Technology,8999100.0,4563297,0.2461,China/Hong Kong,N-CSR
2012-11-30,ArcelorMittal South Africa,ArcelorMittal South Africa,1300000.0,4532954,0.2444,South Africa,N-CSR
2012-11-30,CSN,Cia Siderurgica Nacional ADR,935600.0,4518948,0.2437,Brazil,N-CSR
2012-11-30,First Pacific,First Pacific,4071002.0,4275755,0.2306,China/Hong Kong,N-CSR
2012-11-30,Surgutneftegas,Surgutneftegas ADR,500000.0,4212500,0.2272,Russia,N-CSR
2012-11-30,Guangshen Railway,Guangshen Railway,11000000.0,3647648,0.1967,China/Hong Kong,N-CSR
2012-11-30,China Huiyuan Juice Group,China Huiyuan Juice Group,9998000.0,3547586,0.1913,China/Hong Kong,N-CSR
2012-11-30,Anglo American Platinum,Anglo American Platinum,80000.0,3520632,0.1898,South Africa,N-CSR
2012-11-30,Braskem,Braskem Class A 4.50%,541994.0,3496408,0.1885,Brazil,N-CSR
2012-11-30,Walsin Lihwa,Walsin Lihwa,10711756.0,3361129,0.1812,Taiwan,N-CSR
2012-11-30,Sun International,Sun International,290543.0,3001690,0.1619,South Africa,N-CSR
2012-11-30,Coal India,Coal India,383581.0,2591018,0.1397,India,N-CSR
2012-11-30,Sinotrans,Sinotrans,15326332.0,2353273,0.1269,China/Hong Kong,N-CSR
2012-11-30,Braskem,Braskem ADR,161000.0,2096220,0.113,Brazil,N-CSR
2012-11-30,Alumina,Alumina ADR,500000.0,1960000,0.1057,Australia,N-CSR
2012-11-30,Fosun International,Fosun International,2886500.0,1709509,0.0922,China/Hong Kong,N-CSR
2012-11-30,Griffin Mining,Griffin Mining,3056187.0,1439517,0.0776,United Kingdom,N-CSR
2012-11-30,Aluminum Bahrain,Aluminum Bahrain 144A GDR,221400.0,1403388,0.0757,Kingdom of Bahrain,N-CSR
2012-11-30,Bitauto Holdings,Bitauto Holdings ADR,205400.0,1359748,0.0733,China/Hong Kong,N-CSR
2012-11-30,SK Communications,SK Communications,171609.0,1249218,0.0674,Republic of Korea,N-CSR
2012-11-30,Alarko Gayrimenkul Yatirim Ortakligi,Alarko Gayrimenkul Yatirim Ortakligi,97555.0,1121667,0.0605,Turkey,N-CSR
2012-11-30,Grupo Clarin,Grupo Clarin Class B GDR 144A,353200.0,1022973,0.0552,Argentina,N-CSR
2012-11-30,Alarko Holding,Alarko Holding,250000.0,579086,0.0312,Turkey,N-CSR
2012-11-30,Chelyabinsk Zink Plant,Chelyabinsk Zink Plant GDR,143300.0,380103,0.0205,Russia,N-CSR
2012-11-30,Steel Authority of India,Steel Authority of India,226417.0,337132,0.0182,India,N-CSR
2012-11-30,Pampa Energia,Pampa Energia ADR,95300.0,300195,0.0162,Argentina,N-CSR
2012-11-30,Indiabulls Real Estate,Indiabulls Real Estate GDR,102021.0,128853,0.0069,India,N-CSR
2012-11-30,Enel OGK-5,Enel OGK-5 GDR,21161.0,57158,0.0031,Russia,N-CSR
2012-11-30,TGK-5,TGK-5 GDR,8771.0,3995,0.0002,Russia,N-CSR
2013-11-30,Tim Participacoes,Tim Participacoes ADR,4804065.0,119044730,4.4746,Brazil,N-CSR
2013-11-30,Baidu,Baidu ADR,700000.0,116598999,4.3826,China/Hong Kong,N-CSR
2013-11-30,Teva Pharmaceutical Industries,Teva Pharmaceutical Industries ADR,2800000.0,114128000,4.2898,Israel,N-CSR
2013-11-30,Samsung Electronics,Samsung Electronics,70192.0,99098333,3.7248,Republic of Korea,N-CSR
2013-11-30,Sohu.com,Sohu.com,1211500.0,81642984,3.0687,China/Hong Kong,N-CSR
2013-11-30,Petrobras,Petroleo Brasileiro ADR,4950000.0,78903000,2.9657,Brazil,N-CSR
2013-11-30,SK Telecom,SK Telecom ADR,3204700.0,76528236,2.8765,Republic of Korea,N-CSR
2013-11-30,SINA,SINA,950000.0,73216499,2.752,China/Hong Kong,N-CSR
2013-11-30,Grupo Televisa,Grupo Televisa ADR,2100000.0,64071000,2.4083,Mexico,N-CSR
2013-11-30,Yahoo!,Yahoo,1494626.0,55271270,2.0775,United States,N-CSR
2013-11-30,KCC,KCC,118000.0,52074730,1.9573,Republic of Korea,N-CSR
2013-11-30,Reliance Industries,Reliance Industries,3800000.0,51958525,1.953,India,N-CSR
2013-11-30,Itau Unibanco,Itau Unibanco Holding ADR,3500000.0,49245000,1.851,Brazil,N-CSR
2013-11-30,KB Financial,KB Financial Group ADR,1200000.0,44736000,1.6815,Republic of Korea,N-CSR
2013-11-30,America Movil Series L,America Movil Series L ADR,1850000.0,42994000,1.616,Mexico,N-CSR
2013-11-30,Hypermarcas,Hypermarcas,4956800.0,40065238,1.5059,Brazil,N-CSR
2013-11-30,China Mobile,China Mobile ADR,722265.0,39175654,1.4725,China/Hong Kong,N-CSR
2013-11-30,SunEdison,SunEdison,2975955.0,37824388,1.4217,United States,N-CSR
2013-11-30,Reliance Industries,Reliance Industries GDR 144A,1370003.0,37455882,1.4079,India,N-CSR
2013-11-30,Gazprom,Gazprom ADR,4000000.0,34520000,1.2975,Russia,N-CSR
2013-11-30,Lotte Chilsung Beverage,Lotte Chilsung Beverage,23000.0,33384678,1.2548,Republic of Korea,N-CSR
2013-11-30,BRF,Brasil Foods ADR,1500000.0,33300000,1.2517,Brazil,N-CSR
2013-11-30,China Mobile,China Mobile,3000000.0,32311532,1.2145,China/Hong Kong,N-CSR
2013-11-30,Hon Hai Precision,Hon Hai Precision Industry,12100000.0,31881904,1.1984,Taiwan,N-CSR
2013-11-30,Uni-President China,Uni-President China Holdings,30469000.0,30890901,1.1611,China/Hong Kong,N-CSR
2013-11-30,CNOOC,CNOOC ADR,150000.0,30702000,1.154,China/Hong Kong,N-CSR
2013-11-30,Samsung Life Insurance,Samsung Life Insurance,310000.0,29880648,1.1231,Republic of Korea,N-CSR
2013-11-30,Arcos Dorados,Arcos Dorados Holdings Class A,2315000.0,28243000,1.0616,Argentina,N-CSR
2013-11-30,Cemex,Cemex ADR,2500000.0,27325000,1.0271,Mexico,N-CSR
2013-11-30,KT,KT ADR,1695500.0,26568485,0.9986,Republic of Korea,N-CSR
2013-11-30,Fibria Celulose,Fibria Celulose ADR,2120000.0,25588400,0.9618,Brazil,N-CSR
2013-11-30,Telekomunikacja Polska,Telekomunikacja Polska,7500000.0,25080776,0.9427,Poland,N-CSR
2013-11-30,Kunlun Energy,Kunlun Energy,13500000.0,24970816,0.9386,China/Hong Kong,N-CSR
2013-11-30,TSMC,Taiwan Semiconductor Manufacturing,7000000.0,24828565,0.9332,Taiwan,N-CSR
2013-11-30,Sociedad Quimica y Minera de Chile,Sociedad Quimica y Minera de Chile ADR,969396.0,24244594,0.9113,Chile,N-CSR
2013-11-30,YPF,YPF ADR,800000.0,23776000,0.8937,Argentina,N-CSR
2013-11-30,Telefonica Brasil,Telefonica Brasil ADR,1200000.0,23352000,0.8777,Brazil,N-CSR
2013-11-30,Mobile Telesystems,Mobile Telesystems ADR,1100000.0,23188000,0.8716,Russia,N-CSR
2013-11-30,E-Mart,E-Mart,90000.0,22920781,0.8615,Republic of Korea,N-CSR
2013-11-30,Samsung Electronics,Samsung Electronics 0.79%,23662.0,22427482,0.843,Republic of Korea,N-CSR
2013-11-30,China Mengniu Dairy,China Mengniu Dairy,4860000.0,22222982,0.8353,China/Hong Kong,N-CSR
2013-11-30,America Latina Logistica,America Latina Logistica,6192900.0,20574066,0.7733,Brazil,N-CSR
2013-11-30,Rosneft,Rosneft GDR,2855464.0,20502232,0.7706,Russia,N-CSR
2013-11-30,Airports of Thailand-Foreign,Airports of Thailand-Foreign,3500000.0,20463050,0.7691,Thailand,N-CSR
2013-11-30,B2W / Americanas,B2W Cia Digital,3366500.0,20408271,0.7671,Brazil,N-CSR
2013-11-30,Sasol,Sasol,400000.0,19766691,0.743,South Africa,N-CSR
2013-11-30,Vale,Vale Class A 5.41%,1400000.0,19629249,0.7378,Brazil,N-CSR
2013-11-30,Sberbank,Sberbank,5944801.0,18484248,0.6948,Russia,N-CSR
2013-11-30,AK Transneft,AK Transneft 0.84%,7239.0,18475296,0.6944,Russia,N-CSR
2013-11-30,Banco Santander Brasil,Banco Santander Brasil ADR,2850000.0,18411000,0.692,Brazil,N-CSR
2013-11-30,LG Uplus,LG Uplus,1840040.0,18257643,0.6863,Republic of Korea,N-CSR
2013-11-30,United Microelectronics,United Microelectronics,43000000.0,17866432,0.6716,Taiwan,N-CSR
2013-11-30,Lotte Confectionery,Lotte Confectionery,10719.0,17766914,0.6678,Republic of Korea,N-CSR
2013-11-30,Standard Bank,Standard Bank Group,1500000.0,17740908,0.6668,South Africa,N-CSR
2013-11-30,Gerdau,Gerdau,2764900.0,17672728,0.6643,Brazil,N-CSR
2013-11-30,GPA (Pao de Acucar),Cia Brasileira de Distribuicao Grupo Pao de Acucar ADR,368300.0,17339564,0.6517,Brazil,N-CSR
2013-11-30,China Unicom,China Unicom Hong Kong ADR,1088334.0,17206561,0.6467,China/Hong Kong,N-CSR
2013-11-30,Gol Linhas Aereas Inteligentes,Gol Linhas Aereas Inteligentes ADR,3870250.0,16912993,0.6357,Brazil,N-CSR
2013-11-30,Turkcell Iletisim Hizmetleri,Turkcell Iletisim Hizmetleri ADR,1085000.0,16622200,0.6248,Turkey,N-CSR
2013-11-30,Cresud,Cresud ADR,1442769.0,16346573,0.6144,Argentina,N-CSR
2013-11-30,SK Hynix,SK Hynix,480000.0,16057304,0.6035,Republic of Korea,N-CSR
2013-11-30,MediaTek,MediaTek,1089000.0,16039050,0.6029,Taiwan,N-CSR
2013-11-30,Buenaventura,Cia de Minas Buenaventura ADR,1335200.0,15755360,0.5922,Peru,N-CSR
2013-11-30,LG Electronics,LG Electronics,230000.0,14866614,0.5588,Republic of Korea,N-CSR
2013-11-30,SK Telecom,SK Telecom,69471.0,14836796,0.5577,Republic of Korea,N-CSR
2013-11-30,MegaFon,MegaFon GDR,450000.0,14517000,0.5457,Russia,N-CSR
2013-11-30,ICBC,Industrial & Commercial Bank of China,20000000.0,14369280,0.5401,China/Hong Kong,N-CSR
2013-11-30,Fomento Economico Mexicano,Fomento Economico Mexicano ADR,146122.0,13874284,0.5215,Mexico,N-CSR
2013-11-30,ICICI Bank,ICICI Bank,800000.0,13700861,0.515,India,N-CSR
2013-11-30,Bangkok Bank-Foreign,Bangkok Bank-Foreign,2300000.0,13590583,0.5108,Thailand,N-CSR
2013-11-30,Hong Leong Bank,Hong Leong Bank,3059889.0,13399173,0.5036,Malaysia,N-CSR
2013-11-30,Avon Products,Avon Products,700000.0,12481000,0.4691,United States,N-CSR
2013-11-30,UEM Sunrise,UEM Sunrise,17000000.0,12125911,0.4558,Malaysia,N-CSR
2013-11-30,LG Display,LG Display ADR,1000000.0,11590000,0.4356,Republic of Korea,N-CSR
2013-11-30,Vodacom Group,Vodacom Group,900000.0,10747770,0.404,South Africa,N-CSR
2013-11-30,LUKOIL,LUKOIL ADR,170000.0,10577400,0.3976,Russia,N-CSR
2013-11-30,IRSA,IRSA Inversiones y Representaciones ADR,867000.0,10551390,0.3966,Argentina,N-CSR
2013-11-30,Tianjin Development Holdings,Tianjin Development Holdings,15559550.0,10476528,0.3938,China/Hong Kong,N-CSR
2013-11-30,Hollysys Automation Technologies,Hollysys Automation Technologies,550000.0,10444500,0.3926,China/Hong Kong,N-CSR
2013-11-30,LUKOIL,LUKOIL ADR (London International Exchange),167328.0,10374336,0.3899,Russia,N-CSR
2013-11-30,Tongaat Hulett,Tongaat Hulett,827113.0,9522218,0.3579,South Africa,N-CSR
2013-11-30,Tata Chemicals,Tata Chemicals,2135875.0,9512327,0.3575,India,N-CSR
2013-11-30,CSN,Cia Siderurgica Nacional ADR,1800000.0,9396000,0.3532,Brazil,N-CSR
2013-11-30,Braskem,Braskem Class A,1049994.0,9350062,0.3514,Brazil,N-CSR
2013-11-30,Polski Koncern Naftowy Orlen,Polski Koncern Naftowy Orlen,600000.0,9285945,0.349,Poland,N-CSR
2013-11-30,Shanda Games,Shanda Games ADR,2122400.0,8616944,0.3239,China/Hong Kong,N-CSR
2013-11-30,Etalon Group,Etalon Group GDR 144A,1616300.0,8566390,0.322,Russia,N-CSR
2013-11-30,Travelsky Technology,Travelsky Technology,8999100.0,8531713,0.3207,China/Hong Kong,N-CSR
2013-11-30,Empresas ICA,Empresas ICA,4500000.0,8502747,0.3196,Mexico,N-CSR
2013-11-30,JBS,JBS,2297068.0,8280380,0.3112,Brazil,N-CSR
2013-11-30,Turkiye Sise ve Cam Fabrikalari,Turkiye Sise ve Cam Fabrikalari,5342414.0,7247358,0.2724,Turkey,N-CSR
2013-11-30,Bitauto Holdings,Bitauto Holdings ADR,205400.0,6470100,0.2432,China/Hong Kong,N-CSR
2013-11-30,Vale,Vale ADR,400000.0,6128000,0.2303,Brazil,N-CSR
2013-11-30,Grupo Lala,Grupo Lala,2724000.0,6032546,0.2267,Mexico,N-CSR
2013-11-30,Impala Platinum Holdings,Impala Platinum Holdings,500000.0,5796000,0.2179,South Africa,N-CSR
2013-11-30,Jastrzebska Spolka Weglowa,Jastrzebska Spolka Weglowa,254155.0,5431280,0.2041,Poland,N-CSR
2013-11-30,Guangshen Railway,Guangshen Railway,11000000.0,5420082,0.2037,China/Hong Kong,N-CSR
2013-11-30,Eletrobras,Centrais Eletricas Brasileiras,2140204.0,5415106,0.2035,Brazil,N-CSR
2013-11-30,First Pacific,First Pacific,4579877.0,5257674,0.1976,China/Hong Kong,N-CSR
2013-11-30,ArcelorMittal South Africa,ArcelorMittal South Africa,1300000.0,5213508,0.196,South Africa,N-CSR
2013-11-30,X5 Retail Group,X5 Retail Group GDR,301794.0,5130498,0.1928,Russia,N-CSR
2013-11-30,Sinotrans,Sinotrans,15326332.0,4843442,0.1821,China/Hong Kong,N-CSR
2013-11-30,AES Tiete,AES Tiete,597480.0,4640075,0.1744,Brazil,N-CSR
2013-11-30,Tom Group,Tom Group,21888000.0,4432570,0.1666,China/Hong Kong,N-CSR
2013-11-30,Surgutneftegas,Surgutneftegas ADR,500000.0,4120000,0.1549,Russia,N-CSR
2013-11-30,Walsin Lihwa,Walsin Lihwa,10711756.0,3271097,0.123,Taiwan,N-CSR
2013-11-30,Anglo American Platinum,Anglo American Platinum,80000.0,3160474,0.1188,South Africa,N-CSR
2013-11-30,Braskem,Braskem ADR,166927.0,2977978,0.1119,Brazil,N-CSR
2013-11-30,"market value $2,811,791)","market value $2,811,791)",2756658.0,2756658,0.1036,Russia,N-CSR
2013-11-30,Sun International,Sun International,290543.0,2691532,0.1012,South Africa,N-CSR
2013-11-30,Fosun International,Fosun International,2886500.0,2658396,0.0999,China/Hong Kong,N-CSR
2013-11-30,Grupo Clarin,Grupo Clarin Class B GDR 144A,353200.0,2415829,0.0908,Argentina,N-CSR
2013-11-30,Griffin Mining,Griffin Mining,3056187.0,1640476,0.0617,United Kingdom,N-CSR
2013-11-30,Aluminum Bahrain,Aluminum Bahrain GDR 144A,221400.0,1497527,0.0563,Bahrain,N-CSR
2013-11-30,SK Communications,SK Communications,171609.0,786520,0.0296,Republic of Korea,N-CSR
2013-11-30,Desarrolladora Homex,Desarrolladora Homex ADR,628103.0,747443,0.0281,Mexico,N-CSR
2013-11-30,Pampa Energia,Pampa Energia ADR,95300.0,634698,0.0239,Argentina,N-CSR
2013-11-30,"market value $637,849)","market value $637,849)",625342.0,625342,0.0235,Russia,N-CSR
2013-11-30,Chelyabinsk Zinc Plant,Chelyabinsk Zinc Plant GDR,143300.0,503370,0.0189,Russia,N-CSR
2013-11-30,Indiabulls Real Estate,Indiabulls Real Estate GDR,102021.0,113039,0.0042,India,N-CSR
2013-11-30,Enel OGK-5,Enel OGK-5 GDR,21161.0,36757,0.0014,Russia,N-CSR
2013-11-30,Indiabulls Infrastructure & Power,Indiabulls Infrastructure & Power GDR,300961.0,17576,0.0007,India,N-CSR
2013-11-30,TGK-5,TGK-5 GDR,8771.0,2159,0.0001,Russia,N-CSR
2014-11-30,Samsung Electronics,Samsung Electronics,130513.0,150903091,4.8723,Republic of Korea,N-CSR
2014-11-30,Baidu,Baidu ADR,600000.0,147066000,4.7485,China/Hong Kong,N-CSR
2014-11-30,Reliance Industries,Reliance Industries,6400000.0,102013181,3.2938,India,N-CSR
2014-11-30,SK Telecom,SK Telecom ADR,3204700.0,90789151,2.9314,Republic of Korea,N-CSR
2014-11-30,Petrobras,Petroleo Brasileiro ADR,8900000.0,86508000,2.7932,Brazil,N-CSR
2014-11-30,Sohu.com,Sohu.com,1550000.0,78445500,2.5328,China/Hong Kong,N-CSR
2014-11-30,Grupo Televisa,Grupo Televisa ADR,2100000.0,78435000,2.5325,Mexico,N-CSR
2014-11-30,Teva Pharmaceutical Industries,Teva Pharmaceutical Industries ADR,1300000.0,74074000,2.3917,Israel,N-CSR
2014-11-30,iShares MSCI Emerging Markets,iShares MSCI Emerging Markets,1700000.0,70550000,2.2779,Russia,N-CSR
2014-11-30,Itau Unibanco,Itau Unibanco Holding ADR,4100000.0,61746000,1.9936,Brazil,N-CSR
2014-11-30,SINA,SINA,1600000.0,60720000,1.9605,China/Hong Kong,N-CSR
2014-11-30,B2W / Americanas,B2W Cia Digital,5402365.0,59964283,1.9361,Brazil,N-CSR
2014-11-30,KCC,KCC,118000.0,58411643,1.886,Republic of Korea,N-CSR
2014-11-30,Tim Participacoes,Tim Participacoes ADR,2300000.0,56005000,1.8083,Brazil,N-CSR
2014-11-30,Samsung Life Insurance,Samsung Life Insurance,500000.0,54801905,1.7694,Republic of Korea,N-CSR
2014-11-30,China Mobile,China Mobile ADR,852800.0,52634816,1.6995,China/Hong Kong,N-CSR
2014-11-30,Yandex,Yandex Class A,1915000.0,47721800,1.5408,Russia,N-CSR
2014-11-30,Reliance Industries,Reliance Industries GDR 144A,1451526.0,46231103,1.4927,India,N-CSR
2014-11-30,SK Innovation,SK Innovation,594923.0,45804421,1.4789,Republic of Korea,N-CSR
2014-11-30,MediaTek,MediaTek,3000000.0,44995646,1.4528,Taiwan,N-CSR
2014-11-30,China Mobile,China Mobile,3500000.0,43124347,1.3924,China/Hong Kong,N-CSR
2014-11-30,Hon Hai Precision,Hon Hai Precision Industry,13552000.0,42400542,1.369,Taiwan,N-CSR
2014-11-30,Uni-President China,Uni-President China Holdings,46917600.0,41321901,1.3342,China/Hong Kong,N-CSR
2014-11-30,KB Financial,KB Financial Group ADR,1138755.0,39776712,1.2843,Republic of Korea,N-CSR
2014-11-30,PetroChina,PetroChina Class H,36000000.0,39041122,1.2606,China/Hong Kong,N-CSR
2014-11-30,BRF,Brasil Foods ADR,1500000.0,39015000,1.2597,Brazil,N-CSR
2014-11-30,America Movil Series L,America Movil Series L ADR,1600000.0,37936000,1.2249,Mexico,N-CSR
2014-11-30,Rosneft,Rosneft GDR,7730000.0,36601550,1.1818,Russia,N-CSR
2014-11-30,Hypermarcas,Hypermarcas,5200000.0,35263168,1.1386,Brazil,N-CSR
2014-11-30,Airports of Thailand-Foreign,Airports of Thailand-Foreign,4000000.0,33840536,1.0926,Thailand,N-CSR
2014-11-30,Cemex,Cemex ADR,2600000.0,32526000,1.0502,Mexico,N-CSR
2014-11-30,Lotte Chilsung Beverage,Lotte Chilsung Beverage,21718.0,31998491,1.0332,Republic of Korea,N-CSR
2014-11-30,TSMC,Taiwan Semiconductor Manufacturing,7000000.0,31948521,1.0316,Taiwan,N-CSR
2014-11-30,Turkcell Iletisim Hizmetleri,Turkcell Iletisim Hizmetleri ADR,2000000.0,31740000,1.0248,Turkey,N-CSR
2014-11-30,Sinopec,China Petroleum & Chemical,38000000.0,31115811,1.0047,China/Hong Kong,N-CSR
2014-11-30,ICICI Bank,ICICI Bank,1100000.0,31021379,1.0016,India,N-CSR
2014-11-30,Telefonica Brasil,Telefonica Brasil ADR,1470363.0,30230663,0.9761,Brazil,N-CSR
2014-11-30,MercadoLibre,MercadoLibre,198000.0,27906120,0.901,Argentina,N-CSR
2014-11-30,Youku Tudou,Youku Tudou ADR,1500000.0,27750000,0.896,China/Hong Kong,N-CSR
2014-11-30,Gol Linhas Aereas Inteligentes,Gol Linhas Aereas Inteligentes ADR,4800000.0,27600000,0.8911,Brazil,N-CSR
2014-11-30,Banco Santander Brasil,Banco Santander Brasil ADR,4615300.0,26861046,0.8673,Brazil,N-CSR
2014-11-30,Sociedad Quimica y Minera de Chile,Sociedad Quimica y Minera de Chile ADR,1049534.0,26448257,0.854,Chile,N-CSR
2014-11-30,Yahoo!,Yahoo,500000.0,25870000,0.8353,United States,N-CSR
2014-11-30,Arcos Dorados,Arcos Dorados Holdings Class A,3864818.0,25546447,0.8248,Argentina,N-CSR
2014-11-30,Gazprom,Gazprom ADR,4000000.0,23380000,0.7549,Russia,N-CSR
2014-11-30,Grupo Financiero Santander Mexico,Grupo Financiero Santander Mexico Class B ADR,2000000.0,22860000,0.7381,Mexico,N-CSR
2014-11-30,Samsung Electronics,Samsung Electronics 1.39%,23662.0,22299378,0.72,Republic of Korea,N-CSR
2014-11-30,Orange Polska,Orange Polska,7500000.0,21160993,0.6832,Poland,N-CSR
2014-11-30,"12/26/14–2/15/21 market value $21,140,307)","12/26/14–2/15/21 market value $21,140,307)",20725789.0,20725789,0.6692,Russia,N-CSR
2014-11-30,KT,KT ADR,1366539.0,20170116,0.6513,Republic of Korea,N-CSR
2014-11-30,United Microelectronics,United Microelectronics,43000000.0,19070735,0.6158,Taiwan,N-CSR
2014-11-30,Lotte Confectionery,Lotte Confectionery,10226.0,18282041,0.5903,Republic of Korea,N-CSR
2014-11-30,LG Uplus,LG Uplus,1840040.0,17935885,0.5791,Republic of Korea,N-CSR
2014-11-30,Shinhan Financial,Shinhan Financial Group,400000.0,17824095,0.5755,Republic of Korea,N-CSR
2014-11-30,E-Mart,E-Mart,90000.0,17788159,0.5743,Republic of Korea,N-CSR
2014-11-30,iShares MSCI Turkey,iShares MSCI Turkey,300500.0,17332840,0.5596,Russia,N-CSR
2014-11-30,Sberbank,Sberbank of Russia,12000000.0,17207502,0.5556,Russia,N-CSR
2014-11-30,AK Transneft,AK Transneft,7239.0,17125906,0.553,Russia,N-CSR
2014-11-30,Cresud,Cresud ADR,1442769.0,17010246,0.5492,Argentina,N-CSR
2014-11-30,Reliance Communications,Reliance Communications,10114849.0,16738848,0.5405,India,N-CSR
2014-11-30,Sasol,Sasol,400000.0,16676143,0.5384,South Africa,N-CSR
2014-11-30,China Mengniu Dairy,China Mengniu Dairy,4060000.0,16465332,0.5316,China/Hong Kong,N-CSR
2014-11-30,Tata Chemicals,Tata Chemicals,2198589.0,15451264,0.4989,India,N-CSR
2014-11-30,Hite Jinro,Hite Jinro,680000.0,15425389,0.4981,Republic of Korea,N-CSR
2014-11-30,IRSA,IRSA Inversiones y Representaciones ADR,867000.0,15302550,0.4941,Argentina,N-CSR
2014-11-30,Reliance Capital,Reliance Capital,1800000.0,15204951,0.4909,India,N-CSR
2014-11-30,CNOOC,CNOOC ADR,100000.0,14393000,0.4647,China/Hong Kong,N-CSR
2014-11-30,LG Electronics,LG Electronics,250000.0,14284431,0.4612,Republic of Korea,N-CSR
2014-11-30,Fomento Economico Mexicano,Fomento Economico Mexicano ADR,146122.0,14179679,0.4578,Mexico,N-CSR
2014-11-30,Bangkok Bank-Foreign,Bangkok Bank-Foreign,2300000.0,14138770,0.4565,Thailand,N-CSR
2014-11-30,Hollysys Automation Technologies,Hollysys Automation Technologies,550000.0,14030500,0.453,China/Hong Kong,N-CSR
2014-11-30,"4/15/16–2/15/43 market value $14,066,218)","4/15/16–2/15/43 market value $14,066,218)",13790408.0,13790408,0.4453,Russia,N-CSR
2014-11-30,Mobile Telesystems,Mobile Telesystems ADR,1100000.0,13442000,0.434,Russia,N-CSR
2014-11-30,YPF,YPF ADR,400000.0,13376000,0.4319,Argentina,N-CSR
2014-11-30,Tongaat Hulett,Tongaat Hulett,838307.0,13099091,0.4229,South Africa,N-CSR
2014-11-30,Kunlun Energy,Kunlun Energy,12000000.0,12982759,0.4192,China/Hong Kong,N-CSR
2014-11-30,Buenaventura,Cia de Minas Buenaventura ADR,1400000.0,12950000,0.4181,Peru,N-CSR
2014-11-30,Hong Leong Bank,Hong Leong Bank,3059889.0,12936116,0.4177,Malaysia,N-CSR
2014-11-30,Tianjin Development Holdings,Tianjin Development Holdings,15559550.0,12199005,0.3939,China/Hong Kong,N-CSR
2014-11-30,Sanofi,Sanofi ADR,250000.0,12072500,0.3898,France,N-CSR
2014-11-30,America Latina Logistica,America Latina Logistica,5000000.0,11847926,0.3825,Brazil,N-CSR
2014-11-30,Shanda Games,Shanda Games ADR,1768490.0,11583609,0.374,China/Hong Kong,N-CSR
2014-11-30,Sinotrans,Sinotrans,15326332.0,11561599,0.3733,China/Hong Kong,N-CSR
2014-11-30,Vodacom Group,Vodacom Group,900000.0,10800325,0.3487,South Africa,N-CSR
2014-11-30,QIWI,QIWI ADR,385284.0,10726307,0.3463,Cyprus,N-CSR
2014-11-30,Fibria Celulose,Fibria Celulose ADR,888900.0,10497909,0.339,Brazil,N-CSR
2014-11-30,Gerdau,Gerdau,2764900.0,9741293,0.3145,Brazil,N-CSR
2014-11-30,Hyundai Motor,Hyundai Motor,58500.0,9407511,0.3037,Republic of Korea,N-CSR
2014-11-30,MegaFon,MegaFon GDR,450000.0,9292500,0.3,Russia,N-CSR
2014-11-30,X5 Retail Group,X5 Retail Group GDR,526952.0,9274355,0.2994,Russia,N-CSR
2014-11-30,Turkiye Sise ve Cam Fabrikalari,Turkiye Sise ve Cam Fabrikalari,5781095.0,9194118,0.2969,Turkey,N-CSR
2014-11-30,China Telecom,China Telecom,15044000.0,9117693,0.2944,China/Hong Kong,N-CSR
2014-11-30,UEM Sunrise,UEM Sunrise,17000000.0,9046563,0.2921,Malaysia,N-CSR
2014-11-30,Sberbank,Sberbank of Russia ADR,1400000.0,8611400,0.278,Russia,N-CSR
2014-11-30,Braskem,Braskem Class A 3.14%,1049994.0,7914291,0.2555,Brazil,N-CSR
2014-11-30,Daum Communications,Daum Communications,60000.0,7907645,0.2553,Republic of Korea,N-CSR
2014-11-30,LUKOIL,LUKOIL ADR,170000.0,7777500,0.2511,Russia,N-CSR
2014-11-30,Empresas ICA,Empresas ICA,4500000.0,6604384,0.2132,Mexico,N-CSR
2014-11-30,Qunar Cayman Islands,Qunar Cayman Islands ADR,236682.0,6172667,0.1993,China/Hong Kong,N-CSR
2014-11-30,Grupo Lala,Grupo Lala,2724000.0,5647482,0.1823,Mexico,N-CSR
2014-11-30,SunEdison,SunEdison,251600.0,5447140,0.1759,United States,N-CSR
2014-11-30,Eletrobras,Centrais Eletricas Brasileiras,2140204.0,5088078,0.1643,Brazil,N-CSR
2014-11-30,Braskem,Braskem ADR,321033.0,4812285,0.1554,Brazil,N-CSR
2014-11-30,Guangshen Railway,Guangshen Railway,11000000.0,4751834,0.1534,China/Hong Kong,N-CSR
2014-11-30,LUKOIL,LUKOIL ADR (London International Exchange),99144.0,4614162,0.149,Russia,N-CSR
2014-11-30,"11/30/14–2/15/22 market value $4,688,743)","11/30/14–2/15/22 market value $4,688,743)",4596803.0,4596803,0.1484,Russia,N-CSR
2014-11-30,Etalon Group,Etalon Group GDR 144A,1616300.0,4590292,0.1482,Russia,N-CSR
2014-11-30,Usinas Siderurgicas de Minas Gerais,Usinas Siderurgicas de Minas Gerais SA,2132600.0,4313656,0.1393,Brazil,N-CSR
2014-11-30,Grupo Clarin,Grupo Clarin Class B GDR 144A,353200.0,4100234,0.1324,Argentina,N-CSR
2014-11-30,AES Tiete,AES Tiete,597480.0,3723407,0.1202,Brazil,N-CSR
2014-11-30,Fosun International,Fosun International,2886500.0,3524888,0.1138,China/Hong Kong,N-CSR
2014-11-30,Vallourec,Vallourec,99235.0,3293205,0.1063,France,N-CSR
2014-11-30,Sun International,Sun International,290543.0,3215757,0.1038,South Africa,N-CSR
2014-11-30,Turk Telekomunikasyon,Turk Telekomunikasyon,951192.0,3042649,0.0982,Turkey,N-CSR
2014-11-30,Surgutneftegas,Surgutneftegas ADR,500000.0,2942500,0.095,Russia,N-CSR
2014-11-30,CSN,Cia Siderurgica Nacional ADR,1200000.0,2796000,0.0903,Brazil,N-CSR
2014-11-30,Griffin Mining,Griffin Mining,3056187.0,1708915,0.0552,United Kingdom,N-CSR
2014-11-30,Aluminum Bahrain,Aluminum Bahrain ADR 144A,221400.0,1585423,0.0512,Bahrain,N-CSR
2014-11-30,Jastrzebska Spolka Weglowa,Jastrzebska Spolka Weglowa,254155.0,1579260,0.051,Poland,N-CSR
2014-11-30,Sinofert Holdings,Sinofert Holdings,7324000.0,1274987,0.0412,China/Hong Kong,N-CSR
2014-11-30,Tom Group,Tom Group,5428000.0,1154908,0.0373,China/Hong Kong,N-CSR
2014-11-30,Pampa Energia,Pampa Energia ADR,95300.0,1073078,0.0346,Argentina,N-CSR
2014-11-30,Weibo,Weibo ADR,58939.0,1057955,0.0342,China/Hong Kong,N-CSR
2014-11-30,Travelsky Technology,Travelsky Technology,572000.0,641710,0.0207,China/Hong Kong,N-CSR
2014-11-30,Chelyabinsk Zinc Plant,Chelyabinsk Zinc Plant GDR,143300.0,590898,0.0191,Russia,N-CSR
2014-11-30,Gran Tierra Energy,Gran Tierra Energy,134900.0,515318,0.0166,Canada,N-CSR
2014-11-30,LG Display,LG Display ADR,21331.0,326791,0.0106,Republic of Korea,N-CSR
2014-11-30,Indiabulls Real Estate,Indiabulls Real Estate GDR,102021.0,134362,0.0043,India,N-CSR
2014-11-30,Enel OGK-5,Enel OGK-5 GDR,21161.0,18135,0.0006,Russia,N-CSR
2014-11-30,Indiabulls Infrastructure and Power,Indiabulls Infrastructure and Power GDR,300961.0,16974,0.0005,India,N-CSR
2014-11-30,TGK-5,TGK-5,35084000.0,895,0.0,Russia,N-CSR
2015-11-30,Baidu,Baidu ADR,480000.0,104625600,6.2126,China/Hong Kong,N-CSR
2015-11-30,Samsung Electronics,Samsung Electronics,80000.0,88553251,5.2582,Republic of Korea,N-CSR
2015-11-30,SINA,SINA,1600000.0,80912000,4.8045,China/Hong Kong,N-CSR
2015-11-30,Reliance Industries,Reliance Industries,5500000.0,79910690,4.7451,India,N-CSR
2015-11-30,Sohu.com,Sohu.com,1550000.0,77887500,4.6249,China/Hong Kong,N-CSR
2015-11-30,SK Telecom,SK Telecom ADR,2351046.0,52381305,3.1104,Republic of Korea,N-CSR
2015-11-30,China Mobile,China Mobile ADR,869300.0,49958671,2.9665,China/Hong Kong,N-CSR
2015-11-30,Reliance Industries,Reliance Industries GDR 144A,1451526.0,41441067,2.4607,India,N-CSR
2015-11-30,Youku Tudou,Youku Tudou ADR,1500000.0,40305000,2.3933,China/Hong Kong,N-CSR
2015-11-30,Tencent,Tencent Holdings,2000000.0,39801123,2.3634,China/Hong Kong,N-CSR
2015-11-30,Yandex,Yandex Class A,2010000.0,33426300,1.9848,Russia,N-CSR
2015-11-30,Itau Unibanco,Itau Unibanco Holding ADR,4510000.0,31930800,1.896,Brazil,N-CSR
2015-11-30,Rosneft,Rosneft GDR,7730000.0,31074600,1.8452,Russia,N-CSR
2015-11-30,Grupo Televisa,Grupo Televisa ADR,1100000.0,31020000,1.842,Mexico,N-CSR
2015-11-30,MediaTek,MediaTek,3800000.0,30325496,1.8007,Taiwan,N-CSR
2015-11-30,Hypermarcas,Hypermarcas,5200000.0,30111418,1.788,Brazil,N-CSR
2015-11-30,TSMC,Taiwan Semiconductor Manufacturing,7000000.0,29807766,1.77,Taiwan,N-CSR
2015-11-30,KCC,KCC,70000.0,27728926,1.6465,Republic of Korea,N-CSR
2015-11-30,Telefonica Brasil,Telefonica Brasil ADR,2699863.0,25324715,1.5038,Brazil,N-CSR
2015-11-30,Lotte Chilsung Beverage,Lotte Chilsung Beverage,13000.0,25081467,1.4893,Republic of Korea,N-CSR
2015-11-30,Uni-President China,Uni-President China Holdings,29777000.0,24578780,1.4595,China/Hong Kong,N-CSR
2015-11-30,Grupo Financiero Santander Mexico,Grupo Financiero Santander Mexico Class B ADR,2500000.0,24225000,1.4385,Mexico,N-CSR
2015-11-30,Akbank,Akbank,10000000.0,23786233,1.4124,Turkey,N-CSR
2015-11-30,Sinopec,China Petroleum & Chemical,38000000.0,23279659,1.3823,China/Hong Kong,N-CSR
2015-11-30,Tim Participacoes,Tim Participacoes ADR,2300000.0,22954000,1.363,Brazil,N-CSR
2015-11-30,ICICI Bank,ICICI Bank,5500000.0,22731751,1.3498,India,N-CSR
2015-11-30,Samsung Electronics,Samsung Electronics 1.94%,23662.0,22356896,1.3275,Republic of Korea,N-CSR
2015-11-30,Hon Hai Precision,Hon Hai Precision Industry,8400000.0,21615991,1.2835,Taiwan,N-CSR
2015-11-30,B2W / Americanas,B2W Cia Digital,5402365.0,20613424,1.224,Brazil,N-CSR
2015-11-30,Turkcell Iletisim Hizmetleri,Turkcell Iletisim Hizmetleri ADR,2000000.0,19040000,1.1306,Turkey,N-CSR
2015-11-30,Sberbank,Sberbank of Russia,12000000.0,18614252,1.1053,Russia,N-CSR
2015-11-30,Yahoo!,Yahoo,500000.0,16905000,1.0038,United States,N-CSR
2015-11-30,LG Uplus,LG Uplus,1840040.0,16893762,1.0031,Republic of Korea,N-CSR
2015-11-30,Gazprom,Gazprom ADR,4000000.0,16524000,0.9812,Russia,N-CSR
2015-11-30,AK Transneft,AK Transneft 0.39%,7239.0,16478000,0.9785,Russia,N-CSR
2015-11-30,KB Financial,KB Financial Group ADR,540000.0,16318800,0.969,Republic of Korea,N-CSR
2015-11-30,Cresud,Cresud ADR,1459225.0,16080660,0.9549,Argentina,N-CSR
2015-11-30,Petrobras,Petroleo Brasileiro Class A ADR,4000000.0,15480000,0.9192,Brazil,N-CSR
2015-11-30,Arcos Dorados,Arcos Dorados Holdings Class A,3864818.0,15227383,0.9042,Argentina,N-CSR
2015-11-30,Reliance Capital,Reliance Capital,2150000.0,14159461,0.8408,India,N-CSR
2015-11-30,Sociedad Quimica y Minera de Chile,Sociedad Quimica y Minera de Chile ADR,841749.0,14132966,0.8392,Chile,N-CSR
2015-11-30,Fomento Economico Mexicano,Fomento Economico Mexicano ADR,146122.0,14083238,0.8363,Mexico,N-CSR
2015-11-30,JD.com,JD.com ADR,458300.0,14060644,0.8349,China/Hong Kong,N-CSR
2015-11-30,Tata Chemicals,Tata Chemicals,2198589.0,13852721,0.8226,India,N-CSR
2015-11-30,Lotte Confectionery,Lotte Confectionery,8000.0,13517474,0.8027,Republic of Korea,N-CSR
2015-11-30,Kunlun Energy,Kunlun Energy,15000000.0,13135918,0.78,China/Hong Kong,N-CSR
2015-11-30,China Mengniu Dairy,China Mengniu Dairy,8120000.0,12923216,0.7674,China/Hong Kong,N-CSR
2015-11-30,IRSA,IRSA Inversiones y Representaciones ADR,873600.0,12012000,0.7133,Argentina,N-CSR
2015-11-30,X5 Retail Group,X5 Retail Group GDR,526952.0,11909115,0.7072,Russia,N-CSR
2015-11-30,Reliance Communications,Reliance Communications,10114849.0,11533500,0.6849,India,N-CSR
2015-11-30,iShares MSCI Turkey,iShares MSCI Turkey,300500.0,11512155,0.6836,Russia,N-CSR
2015-11-30,Bangkok Bank-Foreign,Bangkok Bank-Foreign,2300000.0,10982966,0.6522,Thailand,N-CSR
2015-11-30,Qunar Cayman Islands,Qunar Cayman Islands ADR,236682.0,10657790,0.6329,China/Hong Kong,N-CSR
2015-11-30,Vipshop Holdings,Vipshop Holdings ADR,640000.0,10579200,0.6282,China/Hong Kong,N-CSR
2015-11-30,Tianjin Development Holdings,Tianjin Development Holdings,15559550.0,10134161,0.6018,China/Hong Kong,N-CSR
2015-11-30,BRF,BRF ADR,686500.0,9775760,0.5805,Brazil,N-CSR
2015-11-30,China Telecom,China Telecom,19906000.0,9755892,0.5793,China/Hong Kong,N-CSR
2015-11-30,Hong Leong Bank,Hong Leong Bank,3059889.0,9741072,0.5784,Malaysia,N-CSR
2015-11-30,Grupo Clarin,Grupo Clarin Class B GDR 144A,353200.0,9566127,0.568,Argentina,N-CSR
2015-11-30,Petrobras,Petroleo Brasileiro ADR,2000000.0,9540000,0.5665,Brazil,N-CSR
2015-11-30,Sberbank,Sberbank of Russia ADR,1400000.0,9381400,0.5571,Russia,N-CSR
2015-11-30,Sinotrans,Sinotrans,15326332.0,8895086,0.5282,China/Hong Kong,N-CSR
2015-11-30,Mobile TeleSystems,Mobile TeleSystems ADR,1200000.0,8460000,0.5024,Russia,N-CSR
2015-11-30,Banco Santander Brasil,Banco Santander Brasil ADR,2188500.0,8272530,0.4912,Brazil,N-CSR
2015-11-30,Grupo Lala,Grupo Lala,3120000.0,7488527,0.4447,Mexico,N-CSR
2015-11-30,Alibaba,Alibaba Group Holding ADR,88000.0,7399040,0.4394,China/Hong Kong,N-CSR
2015-11-30,QIWI,QIWI ADR,385284.0,7355072,0.4367,Cyprus,N-CSR
2015-11-30,Braskem,Braskem Class A 2.39%,1049994.0,7117039,0.4226,Brazil,N-CSR
2015-11-30,MegaFon,MegaFon GDR,450000.0,6817500,0.4048,Russia,N-CSR
2015-11-30,Cia Brasileira de Distribuicao,Cia Brasileira de Distribuicao ADR,537100.0,6745976,0.4006,Brazil,N-CSR
2015-11-30,Turkiye Sise ve Cam Fabrikalari,Turkiye Sise ve Cam Fabrikalari,6461222.0,6542280,0.3885,Turkey,N-CSR
2015-11-30,Daum Communications,Daum Communications,60000.0,6238039,0.3704,Republic of Korea,N-CSR
2015-11-30,Buenaventura,Cia de Minas Buenaventura ADR,1200000.0,5688000,0.3378,Peru,N-CSR
2015-11-30,Tongaat Hulett,Tongaat Hulett,838307.0,5687781,0.3377,South Africa,N-CSR
2015-11-30,Guangshen Railway,Guangshen Railway,11000000.0,5532949,0.3285,China/Hong Kong,N-CSR
2015-11-30,Braskem,Braskem ADR,411400.0,5529216,0.3283,Brazil,N-CSR
2015-11-30,Hollysys Automation Technologies,Hollysys Automation Technologies,253641.0,5222468,0.3101,China/Hong Kong,N-CSR
2015-11-30,Fosun International,Fosun International,2886500.0,5152370,0.3059,China/Hong Kong,N-CSR
2015-11-30,Orange Polska,Orange Polska,2800000.0,4681209,0.278,Poland,N-CSR
2015-11-30,UEM Sunrise,UEM Sunrise,17000000.0,4509919,0.2678,Malaysia,N-CSR
2015-11-30,Gol Linhas Aereas Inteligentes,Gol Linhas Aereas Inteligentes ADR,4800000.0,3873600,0.23,Brazil,N-CSR
2015-11-30,Vale,Vale ADR,1131557.0,3813347,0.2264,Brazil,N-CSR
2015-11-30,Weibo,Weibo ADR,200000.0,3720000,0.2209,China/Hong Kong,N-CSR
2015-11-30,Eletrobras,Centrais Eletricas Brasileiras,2140204.0,3203418,0.1902,Brazil,N-CSR
2015-11-30,Etalon Group,Etalon Group GDR 144A,1616300.0,3151785,0.1872,Russia,N-CSR
2015-11-30,Gerdau,Gerdau,2764900.0,2966247,0.1761,Brazil,N-CSR
2015-11-30,Surgutneftegas,Surgutneftegas ADR,500000.0,2500000,0.1484,Russia,N-CSR
2015-11-30,Rumo Logistica Operadora Multimodal,Rumo Logistica Operadora Multimodal,1439651.0,2232998,0.1326,Brazil,N-CSR
2015-11-30,Sinofert Holdings,Sinofert Holdings,14000000.0,2166749,0.1287,China/Hong Kong,N-CSR
2015-11-30,Turk Telekomunikasyon,Turk Telekomunikasyon,951192.0,1958898,0.1163,Turkey,N-CSR
2015-11-30,Sun International,Sun International,290543.0,1813545,0.1077,South Africa,N-CSR
2015-11-30,Usinas Siderurgicas de Minas Gerais,Usinas Siderurgicas de Minas Gerais SA 1.87%,3000000.0,1706176,0.1013,Brazil,N-CSR
2015-11-30,CSN,Cia Siderurgica Nacional ADR,1200000.0,1704000,0.1012,Brazil,N-CSR
2015-11-30,AES Tiete,AES Tiete,493000.0,1682289,0.0999,Brazil,N-CSR
2015-11-30,Latam Airlines Group,Latam Airlines Group ADR,300000.0,1656000,0.0983,Chile,N-CSR
2015-11-30,Empresas ICA,Empresas ICA,4500000.0,1438654,0.0854,Mexico,N-CSR
2015-11-30,Griffin Mining,Griffin Mining,3056187.0,1258293,0.0747,United Kingdom,N-CSR
2015-11-30,Aluminum Bahrain,Aluminum Bahrain GDR 144A,221400.0,1091015,0.0648,Bahrain,N-CSR
2015-11-30,Vallourec,Vallourec,99235.0,1020578,0.0606,France,N-CSR
2015-11-30,TravelSky Technology,TravelSky Technology,572000.0,978226,0.0581,China/Hong Kong,N-CSR
2015-11-30,Chelyabinsk Zinc Plant,Chelyabinsk Zinc Plant GDR,143300.0,939461,0.0558,Russia,N-CSR
2015-11-30,Jastrzebska Spolka Weglowa,Jastrzebska Spolka Weglowa,254155.0,791367,0.047,Poland,N-CSR
2015-11-30,Gran Tierra Energy,Gran Tierra Energy,134900.0,337250,0.02,Canada,N-CSR
2015-11-30,Hong Leong Bank exercise price MYR 10.40 expiration date 12/14/15,Hong Leong Bank exercise price MYR 10.40 expiration date 12/14/15,489582.0,304588,0.0181,Russia,N-CSR
2015-11-30,Indiabulls Real Estate,Indiabulls Real Estate GDR,102021.0,98144,0.0058,India,N-CSR
2015-11-30,Rattanindia Infrastructure,Rattanindia Infrastructure GDR,300961.0,15619,0.0009,India,N-CSR
2015-11-30,Enel OGK-5,Enel OGK-5 GDR,21161.0,11550,0.0007,Russia,N-CSR
2015-11-30,Volga Territorial Generating,Volga Territorial Generating,36096.0,296,0.0,Russia,N-CSR
2016-11-30,SINA,SINA,1594800.0,122895288,6.2548,China/Hong Kong,N-CSR
2016-11-30,Alibaba,Alibaba Group Holding ADR,800000.0,75216000,3.8281,China/Hong Kong,N-CSR
2016-11-30,Samsung Electronics,Samsung Electronics,48000.0,71688978,3.6486,Republic of Korea,N-CSR
2016-11-30,Reliance Industries,Reliance Industries,4800000.0,69427508,3.5335,India,N-CSR
2016-11-30,SK Telecom,SK Telecom ADR,2985650.0,63295780,3.2214,Republic of Korea,N-CSR
2016-11-30,Baidu,Baidu ADR,377000.0,62940150,3.2033,China/Hong Kong,N-CSR
2016-11-30,Sohu.com,Sohu.com,1770401.0,61308987,3.1203,China/Hong Kong,N-CSR
2016-11-30,Itau Unibanco,Itau Unibanco Holding ADR,4961000.0,51296740,2.6108,Brazil,N-CSR
2016-11-30,Tencent,Tencent Holdings,2000000.0,49945207,2.542,China/Hong Kong,N-CSR
2016-11-30,MediaTek,MediaTek,6500000.0,45171462,2.299,Taiwan,N-CSR
2016-11-30,Reliance Industries,Reliance Industries GDR 144A,1543197.0,44212594,2.2502,India,N-CSR
2016-11-30,Ctrip.com International,Ctrip.com International ADR,900000.0,40707000,2.0718,China/Hong Kong,N-CSR
2016-11-30,Rosneft,Rosneft GDR,7730000.0,40659800,2.0694,Russia,N-CSR
2016-11-30,TSMC,Taiwan Semiconductor Manufacturing,7000000.0,40190757,2.0455,Taiwan,N-CSR
2016-11-30,Yandex,Yandex Class A,2010000.0,38210100,1.9447,Russia,N-CSR
2016-11-30,Petrobras,Petroleo Brasileiro Class A ADR,4000000.0,37520000,1.9096,Brazil,N-CSR
2016-11-30,Gazprom,Gazprom ADR,8000000.0,36872000,1.8766,Russia,N-CSR
2016-11-30,Telefonica Brasil,Telefonica Brasil ADR,2699863.0,35233212,1.7932,Brazil,N-CSR
2016-11-30,Akbank,Akbank,15000000.0,32962715,1.6776,Turkey,N-CSR
2016-11-30,TIM Participacoes,TIM Participacoes ADR,2640000.0,32102400,1.6339,Brazil,N-CSR
2016-11-30,Sberbank,Sberbank of Russia,12000000.0,29698246,1.5115,Russia,N-CSR
2016-11-30,B2W / Americanas,B2W Cia Digital,8507600.0,28500793,1.4506,Brazil,N-CSR
2016-11-30,Samsung Electronics,Samsung Electronics 1.50%,23662.0,27445936,1.3969,Republic of Korea,N-CSR
2016-11-30,LG Uplus,LG Uplus,2774522.0,27174438,1.383,Republic of Korea,N-CSR
2016-11-30,Hon Hai Precision,Hon Hai Precision Industry,10500000.0,27013460,1.3749,Taiwan,N-CSR
2016-11-30,Tingyi Cayman Islands Holding,Tingyi Cayman Islands Holding,22288000.0,26493310,1.3484,China/Hong Kong,N-CSR
2016-11-30,Grupo Televisa,Grupo Televisa ADR,1200000.0,24924000,1.2685,Mexico,N-CSR
2016-11-30,Cresud,Cresud ADR,1470523.0,23984223,1.2207,Argentina,N-CSR
2016-11-30,BRF,BRF ADR,1563005.0,23804566,1.2115,Brazil,N-CSR
2016-11-30,Arcos Dorados,Arcos Dorados Holdings Class A,3900000.0,23010000,1.1711,Argentina,N-CSR
2016-11-30,China Mobile,China Mobile ADR,390000.0,21329100,1.0855,China/Hong Kong,N-CSR
2016-11-30,Sinopec,China Petroleum & Chemical,30000000.0,20963063,1.0669,China/Hong Kong,N-CSR
2016-11-30,JD.com,JD.com ADR,780000.0,20958600,1.0667,China/Hong Kong,N-CSR
2016-11-30,Uni-President China,Uni-President China Holdings,30000000.0,20924386,1.0649,China/Hong Kong,N-CSR
2016-11-30,America Movil,America Movil ADR,1695830.0,20536497,1.0452,Mexico,N-CSR
2016-11-30,Yahoo!,Yahoo,500000.0,20510000,1.0439,United States,N-CSR
2016-11-30,AK Transneft,AK Transneft,7239.0,20071645,1.0215,Russia,N-CSR
2016-11-30,Hypermarcas,Hypermarcas,2500000.0,19196937,0.977,Brazil,N-CSR
2016-11-30,Grupo Financiero Santander Mexico,Grupo Financiero Santander Mexico Class B ADR,2700698.0,18931893,0.9635,Mexico,N-CSR
2016-11-30,Weibo,Weibo ADR,359480.0,18444919,0.9388,China/Hong Kong,N-CSR
2016-11-30,Lotte Confectionery,Lotte Confectionery,120000.0,18322570,0.9325,Republic of Korea,N-CSR
2016-11-30,ICICI Bank,ICICI Bank,4700000.0,18233808,0.928,India,N-CSR
2016-11-30,Lotte Chilsung Beverage,Lotte Chilsung Beverage,12500.0,16755057,0.8528,Republic of Korea,N-CSR
2016-11-30,Cia Brasileira de Distribuicao,Cia Brasileira de Distribuicao ADR,1049364.0,16705875,0.8502,Brazil,N-CSR
2016-11-30,China Mengniu Dairy,China Mengniu Dairy,8120000.0,16645137,0.8472,China/Hong Kong,N-CSR
2016-11-30,Eletrobras,Centrais Eletricas Brasileiras,2140204.0,16231644,0.8261,Brazil,N-CSR
2016-11-30,IRSA,IRSA Inversiones y Representaciones ADR,883986.0,16132745,0.8211,Argentina,N-CSR
2016-11-30,X5 Retail Group,X5 Retail Group GDR,526952.0,15808560,0.8046,Russia,N-CSR
2016-11-30,Astra International,Astra International,28000000.0,15598598,0.7939,Indonesia,N-CSR
2016-11-30,Coca-Cola Femsa,Coca-Cola Femsa ADR,227840.0,14331136,0.7294,Mexico,N-CSR
2016-11-30,VimpelCom,VimpelCom ADR,4230865.0,14215706,0.7235,Netherlands,N-CSR
2016-11-30,Sberbank,Sberbank of Russia ADR,1400000.0,14035000,0.7143,Russia,N-CSR
2016-11-30,Turkcell Iletisim Hizmetleri,Turkcell Iletisim Hizmetleri ADR,2059101.0,13590067,0.6917,Turkey,N-CSR
2016-11-30,Buenaventura,Cia de Minas Buenaventura ADR,1200000.0,13404000,0.6822,Peru,N-CSR
2016-11-30,Tata Chemicals,Tata Chemicals,1866909.0,13075382,0.6655,India,N-CSR
2016-11-30,Samsung Life Insurance,Samsung Life Insurance,130000.0,12676960,0.6452,Republic of Korea,N-CSR
2016-11-30,Braskem,Braskem Class A 3.84%,1470000.0,11952810,0.6083,Brazil,N-CSR
2016-11-30,JBS,JBS,4000000.0,11543295,0.5875,Brazil,N-CSR
2016-11-30,NAVER,NAVER,15652.0,10684142,0.5438,Republic of Korea,N-CSR
2016-11-30,Sociedad Quimica y Minera de Chile,Sociedad Quimica y Minera de Chile ADR,370000.0,10589400,0.5389,Chile,N-CSR
2016-11-30,Cemex,Cemex ADR,1250000.0,9762500,0.4969,Mexico,N-CSR
2016-11-30,Vale,Vale ADR,1131557.0,9606919,0.4889,Brazil,N-CSR
2016-11-30,iShares MSCI Turkey ETF,iShares MSCI Turkey ETF,300500.0,9561910,0.4867,Russia,N-CSR
2016-11-30,Mobile TeleSystems,Mobile TeleSystems ADR,1200000.0,9396000,0.4782,Russia,N-CSR
2016-11-30,Fomento Economico Mexicano,Fomento Economico Mexicano ADR,120022.0,9367717,0.4768,Mexico,N-CSR
2016-11-30,KB Financial,KB Financial Group ADR,245928.0,8809141,0.4483,Republic of Korea,N-CSR
2016-11-30,Surgutneftegas,Surgutneftegas ADR,1905631.0,8661093,0.4408,Russia,N-CSR
2016-11-30,Tianjin Development Holdings,Tianjin Development Holdings,15885550.0,8417406,0.4284,China/Hong Kong,N-CSR
2016-11-30,Grupo Clarin,Grupo Clarin Class B GDR 144A,353200.0,8373983,0.4262,Argentina,N-CSR
2016-11-30,Tongaat Hulett,Tongaat Hulett,838307.0,7742020,0.394,South Africa,N-CSR
2016-11-30,Gerdau,Gerdau,2764900.0,7741933,0.394,Brazil,N-CSR
2016-11-30,Gol Linhas Aereas Inteligentes,Gol Linhas Aereas Inteligentes ADR,480000.0,7483200,0.3809,Brazil,N-CSR
2016-11-30,Kunlun Energy,Kunlun Energy,10004000.0,7312922,0.3722,China/Hong Kong,N-CSR
2016-11-30,Cia Cervecerias Unidas,Cia Cervecerias Unidas ADR,365790.0,7275563,0.3703,Chile,N-CSR
2016-11-30,Turkiye Sise ve Cam Fabrikalari,Turkiye Sise ve Cam Fabrikalari,6971317.0,6736552,0.3429,Turkey,N-CSR
2016-11-30,Braskem,Braskem ADR,411400.0,6709934,0.3415,Brazil,N-CSR
2016-11-30,China Telecom,China Telecom,13000000.0,6285051,0.3199,China/Hong Kong,N-CSR
2016-11-30,Qunar Cayman Islands,Qunar Cayman Islands ADR,204441.0,6139363,0.3125,China/Hong Kong,N-CSR
2016-11-30,Guangshen Railway,Guangshen Railway,11000000.0,5814478,0.2959,China/Hong Kong,N-CSR
2016-11-30,Reliance Communications,Reliance Communications,10114849.0,5578399,0.2839,India,N-CSR
2016-11-30,QIWI,QIWI ADR,385284.0,5124277,0.2608,Cyprus,N-CSR
2016-11-30,Jastrzebska Spolka Weglowa,Jastrzebska Spolka Weglowa,254155.0,5005818,0.2548,Poland,N-CSR
2016-11-30,Grupo Lala,Grupo Lala,3000000.0,4519829,0.23,Mexico,N-CSR
2016-11-30,Etalon Group,Etalon Group GDR 144A,1616300.0,4428662,0.2254,Russia,N-CSR
2016-11-30,Usinas Siderurgicas de Minas Gerais,Usinas Siderurgicas de Minas Gerais SA,3235733.0,3970459,0.2021,Brazil,N-CSR
2016-11-30,UEM Sunrise,UEM Sunrise,17000000.0,3958800,0.2015,Malaysia,N-CSR
2016-11-30,MegaFon,MegaFon GDR,450000.0,3937500,0.2004,Russia,N-CSR
2016-11-30,Sinofert Holdings,Sinofert Holdings,28000000.0,3862567,0.1966,China/Hong Kong,N-CSR
2016-11-30,58.com,58.com ADR,115000.0,3688050,0.1877,China/Hong Kong,N-CSR
2016-11-30,ZTO Express Cayman,ZTO Express Cayman ADR,240000.0,3631200,0.1848,China/Hong Kong,N-CSR
2016-11-30,China Unicom,China Unicom Hong Kong,2688000.0,3264483,0.1661,China/Hong Kong,N-CSR
2016-11-30,Rumo Logistica Operadora Multimodal,Rumo Logistica Operadora Multimodal,1439651.0,2707287,0.1378,Brazil,N-CSR
2016-11-30,Vipshop Holdings,Vipshop Holdings ADR,220000.0,2468400,0.1256,China/Hong Kong,N-CSR
2016-11-30,AES Tiete,Aes Tiete Energia,508806.0,2211514,0.1126,Brazil,N-CSR
2016-11-30,Yum China Holdings,Yum China Holdings,77400.0,2176488,0.1108,United States,N-CSR
2016-11-30,Griffin Mining,Griffin Mining,3056187.0,2084026,0.1061,United Kingdom,N-CSR
2016-11-30,Latam Airlines Group,Latam Airlines Group ADR,236800.0,2055424,0.1046,Chile,N-CSR
2016-11-30,Sun International,Sun International,290543.0,1656472,0.0843,South Africa,N-CSR
2016-11-30,Turk Telekomunikasyon,Turk Telekomunikasyon,951192.0,1531010,0.0779,Turkey,N-CSR
2016-11-30,Vallourec,Vallourec,258011.0,1454496,0.074,France,N-CSR
2016-11-30,Chelyabinsk Zinc Plant,Chelyabinsk Zinc Plant GDR,143300.0,1373645,0.0699,Russia,N-CSR
2016-11-30,China Unicom,China Unicom Hong Kong ADR,77100.0,927513,0.0472,China/Hong Kong,N-CSR
2016-11-30,Aluminum Bahrain,Aluminum Bahrain GDR 144A,221400.0,904397,0.046,Bahrain,N-CSR
2016-11-30,Gran Tierra Energy,Gran Tierra Energy,134900.0,391210,0.0199,Canada,N-CSR
2016-11-30,Indiabulls Real Estate,Indiabulls Real Estate GDR,102021.0,104265,0.0053,India,N-CSR
2016-11-30,Vina Concha y Toro,Vina Concha y Toro,39250.0,62563,0.0032,Chile,N-CSR
2016-11-30,Enel OGK-5,Enel OGK-5 GDR,21161.0,17187,0.0009,Russia,N-CSR
2016-11-30,RattanIndia Infrastructure,RattanIndia Infrastructure GDR,300961.0,13410,0.0007,India,N-CSR
2016-11-30,T Plus,T Plus,36096.0,253,0.0,Russia,N-CSR
2017-11-30,Reliance Industries,Reliance Industries,14511110.0,207338052,4.3781,India,N-CSR
2017-11-30,Alibaba,Alibaba Group Holding ADR,1100000.0,194788000,4.1131,China/Hong Kong,N-CSR
2017-11-30,Tencent,Tencent Holdings,3750000.0,192004297,4.0543,China/Hong Kong,N-CSR
2017-11-30,SINA,SINA,1755885.0,171672876,3.625,China/Hong Kong,N-CSR
2017-11-30,SK Hynix,SK Hynix,2250000.0,160365323,3.3862,Republic of Korea,N-CSR
2017-11-30,Samsung Electronics,Samsung Electronics,65198.0,153441069,3.24,Republic of Korea,N-CSR
2017-11-30,SK Telecom,SK Telecom ADR,5498332.0,150874230,3.1858,Republic of Korea,N-CSR
2017-11-30,China Mobile,China Mobile,11824500.0,120287438,2.5399,China/Hong Kong,N-CSR
2017-11-30,TSMC,Taiwan Semiconductor Manufacturing,14661000.0,110742730,2.3384,Taiwan,N-CSR
2017-11-30,JD.com,JD.com ADR,2905000.0,108792250,2.2972,China/Hong Kong,N-CSR
2017-11-30,Reliance Industries,Reliance Industries GDR 144A,3678425.0,102778351,2.1702,India,N-CSR
2017-11-30,Sohu.com,Sohu.com,2080000.0,100651200,2.1253,China/Hong Kong,N-CSR
2017-11-30,SK Telecom,SK Telecom,406620.0,99012390,2.0907,Republic of Korea,N-CSR
2017-11-30,Coca-Cola Femsa,Coca-Cola Femsa ADR,1393700.0,95412702,2.0147,Mexico,N-CSR
2017-11-30,Ping An Insurance Group of China,Ping An Insurance Group of China,9000000.0,89308984,1.8858,China/Hong Kong,N-CSR
2017-11-30,Baidu,Baidu ADR,330300.0,78802974,1.664,China/Hong Kong,N-CSR
2017-11-30,MediaTek,MediaTek,6500000.0,71230488,1.5041,Taiwan,N-CSR
2017-11-30,B2W / Americanas,B2W Cia Digital,13015600.0,68349345,1.4432,Brazil,N-CSR
2017-11-30,Micron,Micron Technology,1610000.0,68247900,1.4411,United States,N-CSR
2017-11-30,Grupo Televisa,Grupo Televisa ADR,3602861.0,67229386,1.4196,Mexico,N-CSR
2017-11-30,Rosneft,Rosneft Oil GDR,13500000.0,66704081,1.4085,Russia,N-CSR
2017-11-30,Gazprom,Gazprom ADR,14600000.0,65305318,1.379,Russia,N-CSR
2017-11-30,Itau Unibanco,Itau Unibanco Holding ADR,5120000.0,64256000,1.3568,Brazil,N-CSR
2017-11-30,ICBC,Industrial & Commercial Bank of China,77732000.0,60798922,1.2838,China/Hong Kong,N-CSR
2017-11-30,BRF,BRF ADR,5140000.0,60600600,1.2796,Brazil,N-CSR
2017-11-30,Hon Hai Precision,Hon Hai Precision Industry,14960000.0,50219170,1.0604,Taiwan,N-CSR
2017-11-30,LG Electronics,LG Electronics,580000.0,48261988,1.0191,Republic of Korea,N-CSR
2017-11-30,Weibo,Weibo ADR,430000.0,46680800,0.9857,China/Hong Kong,N-CSR
2017-11-30,Sberbank,Sberbank of Russia,12000000.0,46052002,0.9724,Russia,N-CSR
2017-11-30,Samsung Electronics,Samsung Electronics 1.40%,23662.0,45890011,0.969,Republic of Korea,N-CSR
2017-11-30,Buenaventura,Cia de Minas Buenaventura ADR,3217400.0,45011426,0.9504,Peru,N-CSR
2017-11-30,Potash of Saskatchewan,Potash Corp of Saskatchewan,2220000.0,43623000,0.9211,Canada,N-CSR
2017-11-30,TIM Participacoes,TIM Participacoes ADR,2430908.0,43610490,0.9209,Brazil,N-CSR
2017-11-30,LG Display,LG Display,1500000.0,42859382,0.905,Republic of Korea,N-CSR
2017-11-30,Grupo Financiero Santander Mexico,Grupo Financiero Santander Mexico Class B ADR,4908600.0,39906918,0.8427,Mexico,N-CSR
2017-11-30,Samsung Life Insurance,Samsung Life Insurance,334939.0,39547043,0.8351,Republic of Korea,N-CSR
2017-11-30,Telefonica Brasil,Telefonica Brasil ADR,2699863.0,39310005,0.8301,Brazil,N-CSR
2017-11-30,Arcos Dorados,Arcos Dorados Holdings Class A,3900000.0,38805000,0.8194,Argentina,N-CSR
2017-11-30,Petrobras,Petroleo Brasileiro Class A ADR,4000000.0,37520000,0.7923,Brazil,N-CSR
2017-11-30,ICICI Bank,ICICI Bank,7700000.0,36920066,0.7796,India,N-CSR
2017-11-30,China Mobile,China Mobile ADR,720064.0,36608054,0.773,China/Hong Kong,N-CSR
2017-11-30,Tingyi Cayman Islands Holding,Tingyi Cayman Islands Holding,23000000.0,36163198,0.7636,China/Hong Kong,N-CSR
2017-11-30,Ctrip.com International,Ctrip.com International ADR,780000.0,35942400,0.7589,China/Hong Kong,N-CSR
2017-11-30,IRSA,IRSA Inversiones y Representaciones ADR,1184728.0,35766938,0.7552,Argentina,N-CSR
2017-11-30,Altaba,Altaba,500000.0,35030000,0.7397,United States,N-CSR
2017-11-30,Akbank Turk,Akbank Turk,15000000.0,34407435,0.7265,Turkey,N-CSR
2017-11-30,LINE,LINE ADR,797176.0,34143048,0.7209,Japan,N-CSR
2017-11-30,Banco Santander Brasil,Banco Santander Brasil ADR,3800000.0,33250000,0.7021,Brazil,N-CSR
2017-11-30,Astra International,Astra International,56000000.0,33089560,0.6987,Indonesia,N-CSR
2017-11-30,Cresud,Cresud ADR,1517127.0,33088540,0.6987,Argentina,N-CSR
2017-11-30,LG Uplus,LG Uplus,2557121.0,32656503,0.6896,Republic of Korea,N-CSR
2017-11-30,AK Transneft,AK Transneft 4.71%,10588.0,32238522,0.6807,Russia,N-CSR
2017-11-30,Samsung Fire & Marine Insurance,Samsung Fire & Marine Insurance,126287.0,30273535,0.6392,Republic of Korea,N-CSR
2017-11-30,Shinhan Financial,Shinhan Financial Group Co.,667253.0,29770233,0.6286,Republic of Korea,N-CSR
2017-11-30,America Movil,America Movil ADR,1700000.0,29070000,0.6138,Mexico,N-CSR
2017-11-30,Uni-President China,Uni-President China Holdings,35284000.0,27402054,0.5786,China/Hong Kong,N-CSR
2017-11-30,Yandex,Yandex Class A,800000.0,26488000,0.5593,Russia,N-CSR
2017-11-30,Cia Brasileira de Distribuicao,Cia Brasileira de Distribuicao ADR,1161295.0,24700745,0.5216,Brazil,N-CSR
2017-11-30,Lotte,Lotte,433093.0,24527421,0.5179,Republic of Korea,N-CSR
2017-11-30,KT&G,KT&G,215489.0,24157738,0.5101,Republic of Korea,N-CSR
2017-11-30,Cemex,Cemex ADR,3100000.0,23529000,0.4968,Mexico,N-CSR
2017-11-30,Grupo Financiero Banorte,Grupo Financiero Banorte,4000000.0,23493237,0.4961,Mexico,N-CSR
2017-11-30,Mail.Ru Group,Mail.Ru Group GDR,741151.0,21759871,0.4595,Russia,N-CSR
2017-11-30,Banco Bradesco,Banco Bradesco ADR,2215000.0,21684850,0.4579,Brazil,N-CSR
2017-11-30,Sinopec,China Petroleum & Chemical,30000000.0,21533283,0.4547,China/Hong Kong,N-CSR
2017-11-30,Hypermarcas,Hypermarcas,2100000.0,21074096,0.445,Brazil,N-CSR
2017-11-30,Tata Chemicals,Tata Chemicals,1866909.0,21035189,0.4442,India,N-CSR
2017-11-30,China Mengniu Dairy,China Mengniu Dairy,8120000.0,20684306,0.4368,China/Hong Kong,N-CSR
2017-11-30,Gol Linhas Aereas Inteligentes,Gol Linhas Aereas Inteligentes ADR,2400000.0,20472000,0.4323,Brazil,N-CSR
2017-11-30,Braskem,Braskem Class A 2.84%,1470000.0,20387664,0.4305,Brazil,N-CSR
2017-11-30,Sociedad Quimica y Minera de Chile,Sociedad Quimica y Minera de Chile ADR,370000.0,20098400,0.4244,Chile,N-CSR
2017-11-30,Turkcell Iletisim Hizmetleri,Turkcell Iletisim Hizmetleri ADR,2059101.0,19726188,0.4165,Turkey,N-CSR
2017-11-30,Atacadao Distribuicao Comercio e Industria,Atacadao Distribuicao Comercio e Industria,4235000.0,19651942,0.415,Brazil,N-CSR
2017-11-30,X5 Retail Group,X5 Retail Group GDR,526952.0,19549919,0.4128,Russia,N-CSR
2017-11-30,VEON,VEON ADR,4281700.0,17298068,0.3653,Netherlands,N-CSR
2017-11-30,Hyundai Motor,Hyundai Motor,110000.0,16694782,0.3525,Republic of Korea,N-CSR
2017-11-30,FIT Hon Teng,FIT Hon Teng 144A,20213000.0,15354610,0.3242,Taiwan,N-CSR
2017-11-30,NCSoft,NCSoft,38011.0,15321698,0.3235,Republic of Korea,N-CSR
2017-11-30,Tsingtao Brewery,Tsingtao Brewery,3574000.0,14517073,0.3065,China/Hong Kong,N-CSR
2017-11-30,Fomento Economico Mexicano,Fomento Economico Mexicano ADR,154722.0,13920338,0.2939,Mexico,N-CSR
2017-11-30,KB Financial,KB Financial Group ADR,245928.0,13602278,0.2872,Republic of Korea,N-CSR
2017-11-30,Bitauto Holdings,Bitauto Holdings ADR,454200.0,13457946,0.2842,China/Hong Kong,N-CSR
2017-11-30,Sberbank,Sberbank of Russia ADR,800000.0,13080221,0.2762,Russia,N-CSR
2017-11-30,Mobile TeleSystems,Mobile TeleSystems ADR,1200000.0,12444000,0.2628,Russia,N-CSR
2017-11-30,Eletrobras,Centrais Eletricas Brasileiras,2140204.0,12245802,0.2586,Brazil,N-CSR
2017-11-30,Vale,Vale ADR,1131557.0,12107660,0.2557,Brazil,N-CSR
2017-11-30,Kia Motors,Kia Motors,380000.0,11769928,0.2485,Republic of Korea,N-CSR
2017-11-30,iShares MSCI Brazil Capped ETF,iShares MSCI Brazil Capped ETF,300000.0,11610000,0.2452,Russia,N-CSR
2017-11-30,Lotte Chilsung Beverage,Lotte Chilsung Beverage,10337.0,11588458,0.2447,Republic of Korea,N-CSR
2017-11-30,iShares MSCI Turkey ETF,iShares MSCI Turkey ETF,300500.0,11385945,0.2404,Russia,N-CSR
2017-11-30,Lotte Confectionery,Lotte Confectionery,77086.0,10589807,0.2236,Republic of Korea,N-CSR
2017-11-30,Kimberly-Clark de Mexico,Kimberly-Clark de Mexico Class A,5880600.0,10539869,0.2226,Mexico,N-CSR
2017-11-30,Kunlun Energy,Kunlun Energy,12000000.0,10423032,0.2201,China/Hong Kong,N-CSR
2017-11-30,Cablevision Holding,Cablevision Holding GDR,443972.0,10366746,0.2189,Argentina,N-CSR
2017-11-30,Turkcell Iletisim Hizmetleri,Turkcell Iletisim Hizmetleri,2427827.0,9430722,0.1991,Turkey,N-CSR
2017-11-30,Gerdau,Gerdau 0.54%,2764900.0,9358656,0.1976,Brazil,N-CSR
2017-11-30,Cia Cervecerias Unidas,Cia Cervecerias Unidas ADR,365790.0,9320329,0.1968,Chile,N-CSR
2017-11-30,Surgutneftegas,Surgutneftegas ADR,2014441.0,9269013,0.1957,Russia,N-CSR
2017-11-30,Astra Agro Lestari,Astra Agro Lestari,8732900.0,8942087,0.1888,Indonesia,N-CSR
2017-11-30,Impala Platinum Holdings,Impala Platinum Holdings,3000000.0,8551499,0.1806,South Africa,N-CSR
2017-11-30,Usinas Siderurgicas de Minas Gerais,Usinas Siderurgicas de Minas Gerais SA,3235733.0,8461371,0.1787,Brazil,N-CSR
2017-11-30,Turkiye Sise ve Cam Fabrikalari,Turkiye Sise ve Cam Fabrikalari,7651443.0,8179199,0.1727,Turkey,N-CSR
2017-11-30,United Breweries,United Breweries,484517.0,8140908,0.1719,India,N-CSR
2017-11-30,Rumo,Rumo,1905351.0,7578448,0.16,Brazil,N-CSR
2017-11-30,Tianjin Development Holdings,Tianjin Development Holdings,15885550.0,7409678,0.1565,China/Hong Kong,N-CSR
2017-11-30,China Telecom,China Telecom,15000000.0,7266798,0.1534,China/Hong Kong,N-CSR
2017-11-30,JBS,JBS,3000000.0,7249232,0.1531,Brazil,N-CSR
2017-11-30,Teva Pharmaceutical Industries,Teva Pharmaceutical Industries ADR,477321.0,7073897,0.1494,Israel,N-CSR
2017-11-30,ZhongAn Online P&C Insurance,ZhongAn Online P&C Insurance Class H 144A,739600.0,6747182,0.1425,China/Hong Kong,N-CSR
2017-11-30,CITIC Securities,CITIC Securities,3000000.0,6524707,0.1378,China/Hong Kong,N-CSR
2017-11-30,Tongaat Hulett,Tongaat Hulett,838307.0,6492524,0.1371,South Africa,N-CSR
2017-11-30,58.com,58.com ADR,90000.0,6456600,0.1363,China/Hong Kong,N-CSR
2017-11-30,Guangshen Railway,Guangshen Railway,11000000.0,6084390,0.1285,China/Hong Kong,N-CSR
2017-11-30,Haitong Securities,Haitong Securities,4000000.0,5996677,0.1266,China/Hong Kong,N-CSR
2017-11-30,Grupo Lala,Grupo Lala,3900027.0,5891327,0.1244,Mexico,N-CSR
2017-11-30,QIWI,QIWI ADR,385284.0,5675233,0.1198,Cyprus,N-CSR
2017-11-30,Etalon Group,Etalon Group GDR 144A,1616300.0,5495420,0.116,Russia,N-CSR
2017-11-30,Netmarble Games,Netmarble Games 144A,31528.0,4896147,0.1034,Republic of Korea,N-CSR
2017-11-30,UEM Sunrise,UEM Sunrise,17000000.0,4368441,0.0922,Malaysia,N-CSR
2017-11-30,MegaFon,MegaFon GDR,450000.0,4342500,0.0917,Russia,N-CSR
2017-11-30,Sinofert Holdings,Sinofert Holdings,28000000.0,4168833,0.088,China/Hong Kong,N-CSR
2017-11-30,Huatai Securities,Huatai Securities 144A,2000000.0,4063729,0.0858,China/Hong Kong,N-CSR
2017-11-30,Lenovo Group,Lenovo Group,6992000.0,3990473,0.0843,China/Hong Kong,N-CSR
2017-11-30,NAVER,NAVER,5250.0,3879587,0.0819,Republic of Korea,N-CSR
2017-11-30,Griffin Mining,Griffin Mining,3056187.0,3490477,0.0737,United Kingdom,N-CSR
2017-11-30,Latam Airlines Group,Latam Airlines Group ADR,236800.0,2995520,0.0633,Chile,N-CSR
2017-11-30,AES Tiete,Aes Tiete Energia,508806.0,2036188,0.043,Brazil,N-CSR
2017-11-30,Aluminum Bahrain,Aluminum Bahrain GDR 144A,221400.0,1803458,0.0381,Bahrain,N-CSR
2017-11-30,Vallourec,Vallourec,258011.0,1391879,0.0294,France,N-CSR
2017-11-30,Turk Telekomunikasyon,Turk Telekomunikasyon,951192.0,1380112,0.0291,Turkey,N-CSR
2017-11-30,Sun International,Sun International,290543.0,1157935,0.0245,South Africa,N-CSR
2017-11-30,Grupo Clarin,Grupo Clarin GDR 144A,131213.0,800491,0.0169,Argentina,N-CSR
2017-11-30,United Microelectronics,United Microelectronics,1327000.0,679967,0.0144,Taiwan,N-CSR
2017-11-30,China Telecom,China Telecom ADR,8623.0,418129,0.0088,China/Hong Kong,N-CSR
2017-11-30,Indiabulls Real Estate,Indiabulls Real Estate GDR,102021.0,337179,0.0071,India,N-CSR
2017-11-30,Gran Tierra Energy,Gran Tierra Energy,134900.0,303525,0.0064,Canada,N-CSR
2017-11-30,Vina Concha y Toro,Vina Concha y Toro,39250.0,68423,0.0014,Chile,N-CSR
2017-11-30,RattanIndia Infrastructure,RattanIndia Infrastructure GDR,300961.0,44341,0.0009,India,N-CSR
2017-11-30,Enel Russia,Enel Russia GDR,21161.0,24741,0.0005,Russia,N-CSR
2017-11-30,T Plus,T Plus,36096.0,0,0.0,Russia,N-CSR
2018-11-30,Reliance Industries,Reliance Industries,14511110.0,243336826,4.7401,India,N-CSR
2018-11-30,TSMC,Taiwan Semiconductor Manufacturing,28000000.0,206788353,4.0282,Taiwan,N-CSR
2018-11-30,Alibaba,Alibaba Group Holding ADR,1280000.0,205900800,4.0109,China/Hong Kong,N-CSR
2018-11-30,SK Hynix,SK Hynix,3290000.0,205493810,4.003,Republic of Korea,N-CSR
2018-11-30,Samsung Electronics,Samsung Electronics,5330000.0,199721302,3.8905,Republic of Korea,N-CSR
2018-11-30,Tencent,Tencent Holdings,4750000.0,189898563,3.6992,China/Hong Kong,N-CSR
2018-11-30,SK Telecom,SK Telecom,678597.0,175642379,3.4215,Republic of Korea,N-CSR
2018-11-30,China Mobile,China Mobile,17222000.0,171673292,3.3442,China/Hong Kong,N-CSR
2018-11-30,SK Telecom,SK Telecom ADR,5860934.0,166274698,3.239,Republic of Korea,N-CSR
2018-11-30,SINA,SINA,2120000.0,137312400,2.6748,China/Hong Kong,N-CSR
2018-11-30,B2W / Americanas,B2W Cia Digital,13015600.0,128809675,2.5092,Brazil,N-CSR
2018-11-30,Reliance Industries,Reliance Industries GDR 144A,3775184.0,125632842,2.4473,India,N-CSR
2018-11-30,Baidu,Baidu ADR,585000.0,110143800,2.1456,China/Hong Kong,N-CSR
2018-11-30,Coca-Cola Femsa,Coca-Cola Femsa ADR,1585781.0,95923893,1.8686,Mexico,N-CSR
2018-11-30,ICBC,Industrial & Commercial Bank of China Class H,130000000.0,92848629,1.8087,China/Hong Kong,N-CSR
2018-11-30,Rosneft,Rosneft Oil PJSC GDR,13500000.0,85227809,1.6602,Russia,N-CSR
2018-11-30,Hon Hai Precision,Hon Hai Precision Industry,36000000.0,84513372,1.6463,Taiwan,N-CSR
2018-11-30,Micron,Micron Technology,2080000.0,80204800,1.5624,United States,N-CSR
2018-11-30,Itau Unibanco,Itau Unibanco Holding ADR,8535000.0,79631550,1.5512,Brazil,N-CSR
2018-11-30,MediaTek,MediaTek,9000000.0,69708204,1.3579,Taiwan,N-CSR
2018-11-30,Gazprom,Gazprom PJSC ADR,14600000.0,69670514,1.3572,Russia,N-CSR
2018-11-30,Ping An Insurance Group Co. of China,Ping An Insurance Group Co. of China,7000000.0,68218306,1.3289,China/Hong Kong,N-CSR
2018-11-30,JD.com,JD.com ADR,2910000.0,61779300,1.2034,China/Hong Kong,N-CSR
2018-11-30,Grupo Televisa,Grupo Televisa ADR,4520000.0,61698000,1.2019,Mexico,N-CSR
2018-11-30,Petrobras,Petroleo Brasileiro Class A ADR 0.82%,4000000.0,52560000,1.0239,Brazil,N-CSR
2018-11-30,Tsingtao Brewery,Tsingtao Brewery Class H,12194073.0,49844779,0.971,China/Hong Kong,N-CSR
2018-11-30,Sohu.com,Sohu.com ADR,2219642.0,46279536,0.9015,China/Hong Kong,N-CSR
2018-11-30,Buenaventura,Cia de Minas Buenaventura ADR,3217400.0,45494036,0.8862,Peru,N-CSR
2018-11-30,Banco Santander Mexico Institucion de Banca Multiple Grupo Financiero Santander,Banco Santander Mexico Institucion de Banca Multiple Grupo Financiero Santander ADR,7432526.0,45338409,0.8832,Mexico,N-CSR
2018-11-30,LUKOIL,LUKOIL PJSC ADR,610000.0,45014887,0.8769,Russia,N-CSR
2018-11-30,Banco Santander Brasil,Banco Santander Brasil ADR,3800000.0,42560000,0.8291,Brazil,N-CSR
2018-11-30,Petrobras,Petroleo Brasileiro ADR,2717900.0,39572624,0.7709,Brazil,N-CSR
2018-11-30,BRF,BRF ADR,6850000.0,39045000,0.7606,Brazil,N-CSR
2018-11-30,Banco Bradesco,Banco Bradesco ADR,3870000.0,38545200,0.7509,Brazil,N-CSR
2018-11-30,Sociedad Quimica y Minera de Chile,Sociedad Quimica y Minera de Chile ADR,830000.0,36520000,0.7114,Chile,N-CSR
2018-11-30,China Mobile,China Mobile ADR,720064.0,35815983,0.6977,China/Hong Kong,N-CSR
2018-11-30,Samsung Electronics,Samsung Electronics 4.52%,1183100.0,35782105,0.697,Republic of Korea,N-CSR
2018-11-30,Weibo,Weibo ADR,560000.0,35660800,0.6947,China/Hong Kong,N-CSR
2018-11-30,LG Uplus,LG Uplus,2226000.0,35197442,0.6856,Republic of Korea,N-CSR
2018-11-30,TIM Participacoes,TIM Participacoes ADR,2270179.0,34779142,0.6775,Brazil,N-CSR
2018-11-30,Sberbank,Sberbank of Russia PJSC,12000000.0,34746268,0.6768,Russia,N-CSR
2018-11-30,Uni-President China,Uni-President China Holdings,37019000.0,33829579,0.659,China/Hong Kong,N-CSR
2018-11-30,Astra International,Astra International,56000000.0,33538858,0.6533,Indonesia,N-CSR
2018-11-30,Altaba,Altaba,500000.0,32795000,0.6388,United States,N-CSR
2018-11-30,CNOOC,CNOOC,19311000.0,32623081,0.6355,China/Hong Kong,N-CSR
2018-11-30,Arcos Dorados,Arcos Dorados Holdings Class A,3900000.0,32175000,0.6268,Argentina,N-CSR
2018-11-30,Lupin,Lupin,2500000.0,31812155,0.6197,India,N-CSR
2018-11-30,Tingyi Cayman Islands Holding,Tingyi Cayman Islands Holding,23000000.0,29830465,0.5811,China/Hong Kong,N-CSR
2018-11-30,Telefonica Brasil,Telefonica Brasil ADR,2500000.0,29625000,0.5771,Brazil,N-CSR
2018-11-30,LINE,LINE ADR,827957.0,29160646,0.568,Japan,N-CSR
2018-11-30,Samsung Life Insurance,Samsung Life Insurance,360939.0,27893104,0.5434,Republic of Korea,N-CSR
2018-11-30,Transneft PJSC,Transneft PJSC 4.43%,10588.0,27718436,0.5399,Russia,N-CSR
2018-11-30,Gol Linhas Aereas Inteligentes,Gol Linhas Aereas Inteligentes ADR,2400000.0,27384000,0.5334,Brazil,N-CSR
2018-11-30,Sinopec,China Petroleum & Chemical Class H,30000000.0,25680061,0.5002,China/Hong Kong,N-CSR
2018-11-30,Kunlun Energy,Kunlun Energy,21000000.0,25512928,0.497,China/Hong Kong,N-CSR
2018-11-30,China Mengniu Dairy,China Mengniu Dairy,8120000.0,25185586,0.4906,China/Hong Kong,N-CSR
2018-11-30,Cia Brasileira de Distribuicao,Cia Brasileira de Distribuicao ADR,1161295.0,25025907,0.4875,Brazil,N-CSR
2018-11-30,Ctrip.com International,Ctrip.com International ADR,830000.0,23945500,0.4665,China/Hong Kong,N-CSR
2018-11-30,Yandex,Yandex Class A,800000.0,23600000,0.4597,Russia,N-CSR
2018-11-30,PetroChina,PetroChina Class H,31688000.0,22132776,0.4311,China/Hong Kong,N-CSR
2018-11-30,Akbank T.A.S,Akbank T.A.S.,15000000.0,22076415,0.43,Turkey,N-CSR
2018-11-30,Lotte,Lotte,433093.0,21405245,0.417,Republic of Korea,N-CSR
2018-11-30,LG Electronics,LG Electronics,320000.0,20771959,0.4046,Republic of Korea,N-CSR
2018-11-30,Braskem,Braskem Class A 3.70%,1470000.0,20595966,0.4012,Brazil,N-CSR
2018-11-30,America Movil,America Movil ADR Class L,1500000.0,20175000,0.393,Mexico,N-CSR
2018-11-30,Cresud,Cresud ADR,1582280.0,18860778,0.3674,Argentina,N-CSR
2018-11-30,Tata Chemicals,Tata Chemicals,1866909.0,18706974,0.3644,India,N-CSR
2018-11-30,Genscript Biotech,Genscript Biotech,10640000.0,18654243,0.3634,China/Hong Kong,N-CSR
2018-11-30,Atacadao Distribuicao Comercio e Industria,Atacadao Distribuicao Comercio e Industria,4268300.0,18653807,0.3634,Brazil,N-CSR
2018-11-30,Cemex,Cemex ADR,3623267.0,18623592,0.3628,Mexico,N-CSR
2018-11-30,Shinhan Financial,Shinhan Financial Group Co.,500000.0,18447928,0.3594,Republic of Korea,N-CSR
2018-11-30,Grupo Financiero Banorte,Grupo Financiero Banorte Class O,4000000.0,18335688,0.3572,Mexico,N-CSR
2018-11-30,BeiGene,BeiGene,1615700.0,17943483,0.3495,China/Hong Kong,N-CSR
2018-11-30,Samsung Fire & Marine Insurance,Samsung Fire & Marine Insurance,73195.0,17793512,0.3466,Republic of Korea,N-CSR
2018-11-30,Aurobindo Pharma,Aurobindo Pharma,1500000.0,17458311,0.3401,India,N-CSR
2018-11-30,IRSA,IRSA Inversiones y Representaciones ADR,1184728.0,16278163,0.3171,Argentina,N-CSR
2018-11-30,Naspers,Naspers,80000.0,15948259,0.3107,South Africa,N-CSR
2018-11-30,LG Display,LG Display,1000000.0,15677701,0.3054,Republic of Korea,N-CSR
2018-11-30,Vale,Vale ADR,1131557.0,15502331,0.302,Brazil,N-CSR
2018-11-30,Hypera,Hypera,1800000.0,14941815,0.2911,Brazil,N-CSR
2018-11-30,Eletrobras,Centrais Eletricas Brasileiras,2140204.0,13520865,0.2634,Brazil,N-CSR
2018-11-30,Fomento Economico Mexicano,Fomento Economico Mexicano ADR,154722.0,13422133,0.2615,Mexico,N-CSR
2018-11-30,Mail.Ru Group,Mail.Ru Group GDR,500000.0,12565171,0.2448,Russia,N-CSR
2018-11-30,Turkcell Iletisim Hizmetleri,Turkcell Iletisim Hizmetleri ADR,2066701.0,12441540,0.2424,Turkey,N-CSR
2018-11-30,Tata Motors,Tata Motors ADR,1000000.0,12200000,0.2377,India,N-CSR
2018-11-30,Embraer,Embraer ADR,522544.0,11731113,0.2285,Brazil,N-CSR
2018-11-30,VEON,VEON ADR,4281700.0,11646224,0.2269,Netherlands,N-CSR
2018-11-30,YY,YY ADR,170000.0,11571900,0.2254,China/Hong Kong,N-CSR
2018-11-30,Lotte Confectionery,Lotte Confectionery,77164.0,11547299,0.2249,Republic of Korea,N-CSR
2018-11-30,Lotte Chilsung Beverage,Lotte Chilsung Beverage,8648.0,11294591,0.22,Republic of Korea,N-CSR
2018-11-30,Gerdau,Gerdau 2.37%,2764900.0,11068180,0.2156,Brazil,N-CSR
2018-11-30,Glenmark Pharmaceuticals,Glenmark Pharmaceuticals,1167988.0,10952248,0.2133,India,N-CSR
2018-11-30,KB Financial,KB Financial Group ADR,245928.0,10356028,0.2017,Republic of Korea,N-CSR
2018-11-30,Kia Motors,Kia Motors,380000.0,10345661,0.2015,Republic of Korea,N-CSR
2018-11-30,X5 Retail Group,X5 Retail Group GDR,380000.0,9690000,0.1888,Russia,N-CSR
2018-11-30,Sberbank,Sberbank of Russia PJSC ADR,800000.0,9541360,0.1859,Russia,N-CSR
2018-11-30,Cia Cervecerias Unidas,Cia Cervecerias Unidas ADR,365790.0,9503224,0.1851,Chile,N-CSR
2018-11-30,Wockhardt,Wockhardt,1200000.0,9341345,0.182,India,N-CSR
2018-11-30,Sogou,Sogou ADR,1500000.0,9315000,0.1815,China/Hong Kong,N-CSR
2018-11-30,BeiGene,BeiGene ADR,58827.0,9018767,0.1757,China/Hong Kong,N-CSR
2018-11-30,Mobile TeleSystems PJSC,Mobile TeleSystems PJSC ADR,1200000.0,8892000,0.1732,Russia,N-CSR
2018-11-30,FIT Hon Teng,FIT Hon Teng 144A,20213000.0,8714991,0.1698,Taiwan,N-CSR
2018-11-30,Kimberly-Clark de Mexico,Kimberly-Clark de Mexico Class A,5880600.0,8708041,0.1696,Mexico,N-CSR
2018-11-30,United Breweries,United Breweries,484517.0,8633770,0.1682,India,N-CSR
2018-11-30,Rumo,Rumo,1905351.0,8593049,0.1674,Brazil,N-CSR
2018-11-30,Bitauto Holdings,Bitauto Holdings ADR,454200.0,8384532,0.1633,China/Hong Kong,N-CSR
2018-11-30,Surgutneftegas,Surgutneftegas PJSC ADR,2014441.0,8026498,0.1564,Russia,N-CSR
2018-11-30,Usinas Siderurgicas de Minas Gerais,Usinas Siderurgicas de Minas Gerais Class A 0.50%,3235733.0,7823663,0.1524,Brazil,N-CSR
2018-11-30,Hyundai Motor,Hyundai Motor,80000.0,7646408,0.149,Republic of Korea,N-CSR
2018-11-30,iShares MSCI Turkey ETF,iShares MSCI Turkey ETF,290275.0,7622621,0.1485,Russia,N-CSR
2018-11-30,Tata Motors,Tata Motors,3000000.0,7389662,0.1439,India,N-CSR
2018-11-30,Turkiye Sise ve Cam Fabrikalari,Turkiye Sise ve Cam Fabrikalari,7651443.0,7386874,0.1439,Turkey,N-CSR
2018-11-30,Impala Platinum Holdings,Impala Platinum Holdings,3000000.0,7197648,0.1402,South Africa,N-CSR
2018-11-30,Astra Agro Lestari,Astra Agro Lestari,9132500.0,7018326,0.1367,Indonesia,N-CSR
2018-11-30,Zee Entertainment Enterprises,Zee Entertainment Enterprises,1000000.0,7010046,0.1366,India,N-CSR
2018-11-30,Turkcell Iletisim Hizmetleri,Turkcell Iletisim Hizmetleri,2427827.0,5914313,0.1152,Turkey,N-CSR
2018-11-30,QIWI,QIWI ADR,385284.0,5794671,0.1129,Cyprus,N-CSR
2018-11-30,Tianjin Development Holdings,Tianjin Development Holdings,15885550.0,5545277,0.108,China/Hong Kong,N-CSR
2018-11-30,58.com,58.com ADR,90000.0,5363100,0.1045,China/Hong Kong,N-CSR
2018-11-30,United Microelectronics,United Microelectronics,14262000.0,5329060,0.1038,Taiwan,N-CSR
2018-11-30,Guangshen Railway,Guangshen Railway Class H,11000000.0,4321314,0.0842,China/Hong Kong,N-CSR
2018-11-30,NIO,NIO ADR,550000.0,4240500,0.0826,China/Hong Kong,N-CSR
2018-11-30,Tongaat Hulett,Tongaat Hulett,838307.0,4134448,0.0805,South Africa,N-CSR
2018-11-30,Griffin Mining,Griffin Mining,3056187.0,3827683,0.0746,United Kingdom,N-CSR
2018-11-30,Grupo Lala,Grupo Lala,3900027.0,3537161,0.0689,Mexico,N-CSR
2018-11-30,Etalon Group,Etalon Group GDR 144A,1616300.0,3200274,0.0623,Russia,N-CSR
2018-11-30,Cablevision Holding,Cablevision Holding GDR,443972.0,3147229,0.0613,Argentina,N-CSR
2018-11-30,Sinofert Holdings,Sinofert Holdings,28000000.0,3125156,0.0609,China/Hong Kong,N-CSR
2018-11-30,ZhongAn Online P&C Insurance,ZhongAn Online P&C Insurance Class H 144A,739600.0,3050799,0.0594,China/Hong Kong,N-CSR
2018-11-30,NAVER,NAVER,26250.0,2968450,0.0578,Republic of Korea,N-CSR
2018-11-30,UEM Sunrise,UEM Sunrise,17000000.0,2811839,0.0548,Malaysia,N-CSR
2018-11-30,Latam Airlines Group,Latam Airlines Group ADR,236800.0,2467456,0.0481,Chile,N-CSR
2018-11-30,Oil & Natural Gas,Oil & Natural Gas,1200000.0,2418407,0.0471,India,N-CSR
2018-11-30,Aluminum Bahrain,Aluminum Bahrain GDR 144A,221400.0,1747577,0.034,Bahrain,N-CSR
2018-11-30,Sun International,Sun International,364166.0,1577144,0.0307,South Africa,N-CSR
2018-11-30,AES Tiete,Aes Tiete Energia,508806.0,1355237,0.0264,Brazil,N-CSR
2018-11-30,Turk Telekomunikasyon,Turk Telekomunikasyon,951192.0,713549,0.0139,Turkey,N-CSR
2018-11-30,IRSA Propiedades Comerciales,IRSA Propiedades Comerciales ADR,32849.0,673405,0.0131,Argentina,N-CSR
2018-11-30,Vallourec,Vallourec,258011.0,611933,0.0119,France,N-CSR
2018-11-30,Grupo Clarin,Grupo Clarin GDR Class B 144A,131213.0,347714,0.0068,Argentina,N-CSR
2018-11-30,Indiabulls Real Estate,Indiabulls Real Estate GDR,102021.0,114923,0.0022,India,N-CSR
2018-11-30,ENEL RUSSIA PJSC,ENEL RUSSIA PJSC GDR,21161.0,17384,0.0003,Russia,N-CSR
2018-11-30,RattanIndia Infrastructure,RattanIndia Infrastructure GDR,300961.0,14682,0.0003,India,N-CSR
2018-11-30,Kweichow Moutai,Kweichow Moutai Class A,100.0,8174,0.0002,China/Hong Kong,N-CSR
2018-11-30,T Plus PJSC,T Plus PJSC,36096.0,0,0.0,Russia,N-CSR
2019-11-30,TSMC,Taiwan Semiconductor Manufacturing Co Ltd,31000000.0,309893315,5.7888,Taiwan,N-PORT
2019-11-30,Reliance Industries,Reliance Industries Ltd,13880731.0,300137249,5.6066,India,N-PORT
2019-11-30,Samsung Electronics,Samsung Electronics Co Ltd,6375000.0,271483300,5.0713,Republic of Korea,N-PORT
2019-11-30,Alibaba,Alibaba Group Holding Ltd,1280000.0,256000000,4.7821,China,N-PORT
2019-11-30,SK Hynix,SK Hynix Inc,3490000.0,239039072,4.4652,Republic of Korea,N-PORT
2019-11-30,Tencent,Tencent Holdings Ltd,4750000.0,201333665,3.7609,China,N-PORT
2019-11-30,B2W / Americanas,B2W Cia Digital,14869129.0,196419142,3.6691,Brazil,N-PORT
2019-11-30,Wuliangye Yibin,Wuliangye Yibin Co Ltd,10299780.0,186968895,3.4926,China,N-PORT
2019-11-30,Reliance Industries,Reliance Industries Ltd,3775184.0,163087949,3.0465,India,N-PORT
2019-11-30,Kweichow Moutai,Kweichow Moutai Co Ltd,969961.0,155850846,2.9113,China,N-PORT
2019-11-30,SK Telecom,SK Telecom Co Ltd,5800000.0,132936000,2.4832,Republic of Korea,N-PORT
2019-11-30,MediaTek,MediaTek Inc,9000000.0,124334246,2.3226,Taiwan,N-PORT
2019-11-30,Gazprom,Gazprom PJSC,14600000.0,115982400,2.1665,Russia,N-PORT
2019-11-30,SK Telecom,SK Telecom Co Ltd,517409.0,107761600,2.013,Republic of Korea,N-PORT
2019-11-30,Hon Hai Precision,Hon Hai Precision Industry Co Ltd,36000000.0,104423067,1.9506,Taiwan,N-PORT
2019-11-30,China Mobile,China Mobile Ltd,13698500.0,103245572,1.9286,China,N-PORT
2019-11-30,Micron,Micron Technology Inc,2163400.0,102783134,1.92,United States,N-PORT
2019-11-30,Rosneft,Rosneft Oil Co PJSC,14555684.0,98687538,1.8435,Russia,N-PORT
2019-11-30,JD.com,JD.com Inc,2910000.0,95011500,1.7748,China,N-PORT
2019-11-30,Coca-Cola Femsa SAB de CV,Coca-Cola Femsa SAB de CV,1554117.0,89843504,1.6783,MX,N-PORT
2019-11-30,Tsingtao Brewery,Tsingtao Brewery Co Ltd,12958073.0,80118386,1.4966,China,N-PORT
2019-11-30,Itau Unibanco,Itau Unibanco Holding SA,9170000.0,74643800,1.3943,Brazil,N-PORT
2019-11-30,Baidu,Baidu Inc,625000.0,74081250,1.3838,China,N-PORT
2019-11-30,SINA,SINA Corp/China,2120000.0,73966800,1.3817,China,N-PORT
2019-11-30,Grupo Televisa,Grupo Televisa SAB,6017000.0,66006490,1.233,Mexico,N-PORT
2019-11-30,BRF,BRF SA,6850000.0,58636000,1.0953,Brazil,N-PORT
2019-11-30,LUKOIL,LUKOIL PJSC,610000.0,58169600,1.0866,Russia,N-PORT
2019-11-30,Petrobras,Petroleo Brasileiro SA,4000000.0,54880000,1.0252,Brazil,N-PORT
2019-11-30,Banco Santander Mexico Institucion de Banca Multiple Grupo Financiero Santand,Banco Santander Mexico SA Institucion de Banca Multiple Grupo Financiero Santand,8042900.0,50750699,0.948,MX,N-PORT
2019-11-30,Buenaventura,Cia de Minas Buenaventura SAA,3217400.0,49451438,0.9238,Peru,N-PORT
2019-11-30,Ping An Insurance Group Co of China,Ping An Insurance Group Co of China Ltd,4000000.0,45324187,0.8467,CN,N-PORT
2019-11-30,Sberbank,Sberbank of Russia PJSC,12000000.0,43639416,0.8152,Russia,N-PORT
2019-11-30,Samsung Electronics,Samsung Electronics Co Ltd,1183100.0,40917441,0.7643,Republic of Korea,N-PORT
2019-11-30,LINE,LINE Corp,848000.0,39771200,0.7429,Japan,N-PORT
2019-11-30,Banco Bradesco,Banco Bradesco SA,4944000.0,38810400,0.725,Brazil,N-PORT
2019-11-30,Uni-President China,Uni-President China Holdings Ltd,37019000.0,37595704,0.7023,China,N-PORT
2019-11-30,Tingyi Cayman Islands Holding,Tingyi Cayman Islands Holding Corp,23086000.0,37572019,0.7018,China,N-PORT
2019-11-30,Yandex NV,Yandex NV,800000.0,33576000,0.6272,RU,N-PORT
2019-11-30,Telefonica Brasil,Telefonica Brasil SA,2500000.0,32875000,0.6141,Brazil,N-PORT
2019-11-30,TIM Participacoes,TIM Participacoes SA,2024266.0,32691896,0.6107,Brazil,N-PORT
2019-11-30,Banco Santander Brasil,Banco Santander Brasil SA,3051128.0,31701220,0.5922,Brazil,N-PORT
2019-11-30,Transneft PJSC,Transneft PJSC,12000.0,31687908,0.5919,Russia,N-PORT
2019-11-30,China Mengniu Dairy,China Mengniu Dairy Co Ltd,8120000.0,31066996,0.5803,China,N-PORT
2019-11-30,Vale,Vale SA,2500000.0,29400000,0.5492,Brazil,N-PORT
2019-11-30,CNOOC,CNOOC Ltd,19311000.0,28023960,0.5235,China,N-PORT
2019-11-30,Lupin,Lupin Ltd,2500000.0,27902074,0.5212,India,N-PORT
2019-11-30,Trip.com Group,Trip.com Group Ltd,830000.0,27589200,0.5154,China,N-PORT
2019-11-30,LG Uplus,LG Uplus Corp,2403542.0,27267885,0.5094,Republic of Korea,N-PORT
2019-11-30,Arcos Dorados,Arcos Dorados Holdings Inc,3437158.0,26466117,0.4944,Brazil,N-PORT
2019-11-30,Akbank T.A.S,Akbank T.A.S.,19500000.0,26356164,0.4923,Turkey,N-PORT
2019-11-30,Astra International Tbk,Astra International Tbk PT,56000000.0,25806452,0.4821,ID,N-PORT
2019-11-30,BeiGene,BeiGene Ltd,1615700.0,24809134,0.4634,China,N-PORT
2019-11-30,Weibo,Weibo Corp,560000.0,23973600,0.4478,China,N-PORT
2019-11-30,America Movil SAB de CV,America Movil SAB de CV,1500000.0,22935000,0.4284,MX,N-PORT
2019-11-30,Impala Platinum Holdings,Impala Platinum Holdings Ltd,2959435.0,22733823,0.4247,South Africa,N-PORT
2019-11-30,Sohu.com,Sohu.com Ltd,2219642.0,22729134,0.4246,China,N-PORT
2019-11-30,Samsung Life Insurance,Samsung Life Insurance Co Ltd,360939.0,21879721,0.4087,Republic of Korea,N-PORT
2019-11-30,Grupo Financiero Banorte SAB de CV,Grupo Financiero Banorte SAB de CV,4000000.0,21167506,0.3954,MX,N-PORT
2019-11-30,Sociedad Quimica y Minera de Chile,Sociedad Quimica y Minera de Chile SA,830000.0,19778900,0.3695,Chile,N-PORT
2019-11-30,Kunlun Energy,Kunlun Energy Co Ltd,21000000.0,17786039,0.3322,China,N-PORT
2019-11-30,Tata Chemicals,Tata Chemicals Ltd,1866909.0,17615762,0.3291,India,N-PORT
2019-11-30,Sinopec,China Petroleum & Chemical Corp,30000000.0,16824113,0.3143,China,N-PORT
2019-11-30,Teva Pharmaceutical Industries,Teva Pharmaceutical Industries Ltd,1450000.0,15109000,0.2822,Israel,N-PORT
2019-11-30,PetroChina,PetroChina Co Ltd,31688000.0,14613305,0.273,China,N-PORT
2019-11-30,Fomento Economico Mexicano SAB de CV,Fomento Economico Mexicano SAB de CV,154722.0,14068871,0.2628,MX,N-PORT
2019-11-30,Surgutneftegas,Surgutneftegas PJSC,2014441.0,13647838,0.2549,Russia,N-PORT
2019-11-30,Cemex SAB de CV,Cemex SAB de CV,3623267.0,13514786,0.2525,MX,N-PORT
2019-11-30,Lotte,Lotte Corp,433093.0,13071808,0.2442,Republic of Korea,N-PORT
2019-11-30,LG Display,LG Display Co Ltd,1000000.0,12445498,0.2325,Republic of Korea,N-PORT
2019-11-30,Turkcell Iletisim Hizmetleri AS,Turkcell Iletisim Hizmetleri AS,2066701.0,12172869,0.2274,TR,N-PORT
2019-11-30,Sberbank,Sberbank of Russia PJSC,800000.0,11704000,0.2186,Russia,N-PORT
2019-11-30,Naspers,Naspers Ltd,80000.0,11433374,0.2136,South Africa,N-PORT
2019-11-30,Mobile TeleSystems PJSC,Mobile TeleSystems PJSC,1200000.0,11328000,0.2116,Russia,N-PORT
2019-11-30,Tata Motors,Tata Motors Ltd,1000000.0,11220000,0.2096,India,N-PORT
2019-11-30,Shinhan Financial,Shinhan Financial Group Co Ltd,300000.0,11061254,0.2066,Republic of Korea,N-PORT
2019-11-30,Rumo,Rumo SA,1905351.0,10905701,0.2037,Brazil,N-PORT
2019-11-30,YY,YY Inc,170000.0,10844300,0.2026,China,N-PORT
2019-11-30,Zee Entertainment Enterprises,Zee Entertainment Enterprises Ltd,2530000.0,10335132,0.1931,India,N-PORT
2019-11-30,Lotte Confectionery,Lotte Confectionery Co Ltd,77164.0,9799433,0.1831,Republic of Korea,N-PORT
2019-11-30,Braskem,Braskem SA,1470000.0,9724855,0.1817,Brazil,N-PORT
2019-11-30,KB Financial,KB Financial Group Inc,245928.0,9593651,0.1792,Republic of Korea,N-PORT
2019-11-30,Aurobindo Pharma,Aurobindo Pharma Ltd,1500000.0,9407214,0.1757,India,N-PORT
2019-11-30,Cresud,Cresud SACIF y A,1624368.0,9340116,0.1745,Argentina,N-PORT
2019-11-30,Atacadao,Atacadao SA,2047000.0,9040897,0.1689,Brazil,N-PORT
2019-11-30,United Breweries,United Breweries Ltd,484517.0,8493864,0.1587,India,N-PORT
2019-11-30,Astra Agro Lestari Tbk,Astra Agro Lestari Tbk PT,9132500.0,8158065,0.1524,ID,N-PORT
2019-11-30,Mail.Ru Group,Mail.Ru Group Ltd,400000.0,8080000,0.1509,Russia,N-PORT
2019-11-30,iShares MSCI Turkey ETF,iShares MSCI Turkey ETF,290275.0,7703898,0.1439,Russia,N-PORT
2019-11-30,QIWI,QIWI plc,385284.0,7636329,0.1426,Cyprus,N-PORT
2019-11-30,Genscript Biotech,Genscript Biotech Corp,3072000.0,7417020,0.1385,China,N-PORT
2019-11-30,Sogou,Sogou Inc,1500000.0,7365000,0.1376,China,N-PORT
2019-11-30,Embraer,Embraer SA,420704.0,7160382,0.1338,Brazil,N-PORT
2019-11-30,Cia Cervecerias Unidas,Cia Cervecerias Unidas SA,365790.0,6770773,0.1265,Chile,N-PORT
2019-11-30,Tata Motors,Tata Motors Ltd,3000000.0,6753790,0.1262,India,N-PORT
2019-11-30,Bitauto Holdings,Bitauto Holdings Ltd,454200.0,6749412,0.1261,China,N-PORT
2019-11-30,Turkiye Sise ve Cam Fabrikalari AS,Turkiye Sise ve Cam Fabrikalari AS,7651443.0,6641566,0.1241,TR,N-PORT
2019-11-30,IRSA,IRSA Inversiones y Representaciones SA,1184728.0,6598935,0.1233,Argentina,N-PORT
2019-11-30,Usinas Siderurgicas de Minas Gerais Usiminas,Usinas Siderurgicas de Minas Gerais SA Usiminas,3235733.0,6527195,0.1219,Brazil,N-PORT
2019-11-30,Lotte Chilsung Beverage,Lotte Chilsung Beverage Co Ltd,56600.0,6445159,0.1204,Republic of Korea,N-PORT
2019-11-30,FIT Hon Teng,FIT Hon Teng Ltd,20213000.0,6326205,0.1182,Taiwan,N-PORT
2019-11-30,Turkcell Iletisim Hizmetleri AS,Turkcell Iletisim Hizmetleri AS,2427827.0,5726694,0.107,TR,N-PORT
2019-11-30,58.com,58.com Inc,90000.0,5536800,0.1034,China,N-PORT
2019-11-30,Glenmark Pharmaceuticals,Glenmark Pharmaceuticals Ltd,1167988.0,5491721,0.1026,India,N-PORT
2019-11-30,Prosus NV,Prosus NV,80000.0,5452974,0.1019,NL,N-PORT
2019-11-30,Tianjin Development Holdings,Tianjin Development Holdings Ltd,15885550.0,4383312,0.0819,China,N-PORT
2019-11-30,Wockhardt,Wockhardt Ltd,1200000.0,4311553,0.0805,India,N-PORT
2019-11-30,LG Electronics,LG Electronics Inc,70000.0,4142573,0.0774,Republic of Korea,N-PORT
2019-11-30,Grupo Lala SAB de CV,Grupo Lala SAB de CV,3900027.0,3781458,0.0706,MX,N-PORT
2019-11-30,Guangshen Railway,Guangshen Railway Co Ltd,11000000.0,3428696,0.064,China,N-PORT
2019-11-30,Griffin Mining,Griffin Mining Ltd,3056187.0,3083121,0.0576,United Kingdom,N-PORT
2019-11-30,Etalon Group,Etalon Group PLC,1616300.0,2948131,0.0551,Russia,N-PORT
2019-11-30,UEM Sunrise Bhd,UEM Sunrise Bhd,17000000.0,2889980,0.054,MY,N-PORT
2019-11-30,Sinofert Holdings,Sinofert Holdings Ltd,28000000.0,2825736,0.0528,China,N-PORT
2019-11-30,ZhongAn Online P&C Insurance,ZhongAn Online P&C Insurance Co Ltd,739600.0,2555704,0.0477,China,N-PORT
2019-11-30,Latam Airlines Group,Latam Airlines Group SA,236800.0,2526656,0.0472,Chile,N-PORT
2019-11-30,VEON,VEON Ltd,732264.0,1933177,0.0361,Russia,N-PORT
2019-11-30,Cablevision Holding,Cablevision Holding SA,443972.0,1741035,0.0325,Argentina,N-PORT
2019-11-30,AES Tiete,AES Tiete Energia SA,516085.0,1532974,0.0286,Brazil,N-PORT
2019-11-30,Aluminium Bahrain BSC,Aluminium Bahrain BSC,221400.0,1236032,0.0231,BH,N-PORT
2019-11-30,Turk Telekomunikasyon AS,Turk Telekomunikasyon AS,951192.0,1118514,0.0209,TR,N-PORT
2019-11-30,Sun International /South Africa,Sun International Ltd/South Africa,364166.0,983830,0.0184,ZA,N-PORT
2019-11-30,Tongaat Hulett,Tongaat Hulett Ltd,838307.0,697369,0.013,South Africa,N-PORT
2019-11-30,Vallourec,Vallourec SA,258011.0,663157,0.0124,France,N-PORT
2019-11-30,MultiChoice Group,MultiChoice Group,80000.0,661591,0.0124,South Africa,N-PORT
2019-11-30,IRSA Propiedades Comerciales,IRSA Propiedades Comerciales SA,44833.22271,659945,0.0123,Argentina,N-PORT
2019-11-30,Grupo Clarin,Grupo Clarin SA,131213.0,131375,0.0025,Argentina,N-PORT
2019-11-30,Indiabulls Real Estate,Indiabulls Real Estate Ltd,102021.0,96920,0.0018,India,N-PORT
2019-11-30,Tencent Music Entertainment Group,Tencent Music Entertainment Group,1217.0,15127,0.0003,China,N-PORT
2019-11-30,ENEL RUSSIA PJSC,ENEL RUSSIA PJSC,21161.0,15048,0.0003,Russia,N-PORT
2019-11-30,RattanIndia Infrastructure,RattanIndia Infrastructure Ltd,300961.0,7552,0.0001,India,N-PORT
2019-11-30,HKD/USD FORWARD,HKD/USD FORWARD,1.0,90,0.0,US,N-PORT
2019-11-30,Oil & Natural Gas,Oil & Natural Gas Corp Ltd,254590.0,0,0.0,LU,N-PORT
2019-11-30,T Plus PJSC,T Plus PJSC,36096.0,0,0.0,Russia,N-PORT
2019-11-30,Lehman Brothers Equity Finance,Lehman Brothers Equity Finance,172132.0,0,0.0,LU,N-PORT
2019-11-30,ZAR/USD FORWARD,ZAR/USD FORWARD,1.0,-554,-0.0,US,N-PORT
2019-11-30,ZAR/USD FORWARD,ZAR/USD FORWARD,1.0,-1528,-0.0,US,N-PORT
2020-11-30,TSMC,Taiwan Semiconductor Manufacturing Co Ltd,31000000.0,522603280,9.1226,Taiwan,N-PORT
2020-11-30,Wuliangye Yibin,Wuliangye Yibin Co Ltd,10299780.0,397457403,6.9381,China,N-PORT
2020-11-30,Tencent,Tencent Holdings Ltd,4750000.0,345017772,6.0227,China,N-PORT
2020-11-30,Samsung Electronics,Samsung Electronics Co Ltd,5200000.0,313442682,5.4715,Republic of Korea,N-PORT
2020-11-30,SK Hynix,SK Hynix Inc,3490000.0,307509828,5.3679,Republic of Korea,N-PORT
2020-11-30,Reliance Industries,Reliance Industries Ltd,10500000.0,271517894,4.7397,India,N-PORT
2020-11-30,Alibaba,Alibaba Group Holding Ltd,990000.0,260726400,4.5513,China,N-PORT
2020-11-30,Kweichow Moutai,Kweichow Moutai Co Ltd,969961.0,252563863,4.4088,China,N-PORT
2020-11-30,MediaTek,MediaTek Inc,10092000.0,249268240,4.3513,Taiwan,N-PORT
2020-11-30,JD.com,JD.com Inc,2800000.0,238980000,4.1717,China,N-PORT
2020-11-30,SK Telecom,SK Telecom Co Ltd,727354.0,156112760,2.7251,Republic of Korea,N-PORT
2020-11-30,B2W / Americanas,B2W Cia Digital,10500000.0,139055325,2.4274,Brazil,N-PORT
2020-11-30,SK Telecom,SK Telecom Co Ltd,5454200.0,128228242,2.2384,Republic of Korea,N-PORT
2020-11-30,Reliance Industries,Reliance Industries Ltd,2340879.0,122427972,2.1371,India,N-PORT
2020-11-30,SINA,SINA Corp/China,2047649.0,88724631,1.5488,China,N-PORT
2020-11-30,Rosneft,Rosneft Oil Co PJSC,14555684.0,84539413,1.4757,Russia,N-PORT
2020-11-30,China Mobile,China Mobile Ltd,11698500.0,70030564,1.2225,China,N-PORT
2020-11-30,Tsingtao Brewery,Tsingtao Brewery Co Ltd,7000000.0,68003690,1.1871,China,N-PORT
2020-11-30,Gazprom,Gazprom PJSC,14600000.0,67890000,1.1851,Russia,N-PORT
2020-11-30,Samsung Electronics,Samsung Electronics Co Ltd,1183100.0,65326836,1.1404,Republic of Korea,N-PORT
2020-11-30,Prosus NV,Prosus NV,600000.0,65015096,1.1349,NL,N-PORT
2020-11-30,Baidu,Baidu Inc,420000.0,58375800,1.019,China,N-PORT
2020-11-30,Yandex NV,Yandex NV,836225.0,57666076,1.0066,RU,N-PORT
2020-11-30,Micron,Micron Technology Inc,850000.0,54476500,0.9509,United States,N-PORT
2020-11-30,Itau Unibanco,Itau Unibanco Holding SA,9170000.0,49059500,0.8564,Brazil,N-PORT
2020-11-30,Naspers,Naspers Ltd,240000.0,48491275,0.8465,South Africa,N-PORT
2020-11-30,Grupo Televisa,Grupo Televisa SAB,6017000.0,48256340,0.8424,Mexico,N-PORT
2020-11-30,Ping An Insurance Group Co of China,Ping An Insurance Group Co of China Ltd,4000000.0,46961379,0.8198,CN,N-PORT
2020-11-30,Sociedad Quimica y Minera de Chile,Sociedad Quimica y Minera de Chile SA,989600.0,46580472,0.8131,Chile,N-PORT
2020-11-30,Banco Santander Mexico Institucion de Banca Multiple Grupo Financiero Santand,Banco Santander Mexico SA Institucion de Banca Multiple Grupo Financiero Santand,8042900.0,42064367,0.7343,MX,N-PORT
2020-11-30,Sohu.com,Sohu.com Ltd,2219642.0,40752627,0.7114,China,N-PORT
2020-11-30,Sberbank,Sberbank of Russia PJSC,12000000.0,39246717,0.6851,Russia,N-PORT
2020-11-30,Buenaventura,Cia de Minas Buenaventura SAA,3217400.0,35713140,0.6234,Peru,N-PORT
2020-11-30,BeiGene,BeiGene Ltd,1615700.0,34748478,0.6066,China,N-PORT
2020-11-30,Weibo,Weibo Corp,800000.0,33800000,0.59,China,N-PORT
2020-11-30,Lupin,Lupin Ltd,2500000.0,29947278,0.5228,India,N-PORT
2020-11-30,Vale,Vale SA,2000000.0,29120000,0.5083,Brazil,N-PORT
2020-11-30,BRF,BRF SA,6850000.0,28153500,0.4915,Brazil,N-PORT
2020-11-30,Uni-President China,Uni-President China Holdings Ltd,31186000.0,28123950,0.4909,China,N-PORT
2020-11-30,Coca-Cola Femsa SAB de CV,Coca-Cola Femsa SAB de CV,600000.0,27198000,0.4748,MX,N-PORT
2020-11-30,LG Uplus,LG Uplus Corp,2403542.0,25956646,0.4531,Republic of Korea,N-PORT
2020-11-30,Banco Bradesco,Banco Bradesco SA,5438400.0,24690336,0.431,Brazil,N-PORT
2020-11-30,Samsung Life Insurance,Samsung Life Insurance Co Ltd,360939.0,23256925,0.406,Republic of Korea,N-PORT
2020-11-30,Petrobras,Petroleo Brasileiro SA,2500000.0,23125000,0.4037,Brazil,N-PORT
2020-11-30,Transneft PJSC,Transneft PJSC,12000.0,22512036,0.393,Russia,N-PORT
2020-11-30,Banco Santander Brasil,Banco Santander Brasil SA,3051128.0,22212212,0.3877,Brazil,N-PORT
2020-11-30,Astra International Tbk,Astra International Tbk PT,56000000.0,21019830,0.3669,ID,N-PORT
2020-11-30,America Movil SAB de CV,America Movil SAB de CV,1369199.101926,20387375,0.3559,MX,N-PORT
2020-11-30,CNOOC,CNOOC Ltd,19311000.0,20255118,0.3536,China,N-PORT
2020-11-30,Tingyi Cayman Islands Holding,Tingyi Cayman Islands Holding Corp,12000000.0,20250160,0.3535,China,N-PORT
2020-11-30,Grupo Financiero Banorte SAB de CV,Grupo Financiero Banorte SAB de CV,4000000.0,19916626,0.3477,MX,N-PORT
2020-11-30,Trip.com Group,Trip.com Group Ltd,582400.0,19562816,0.3415,China,N-PORT
2020-11-30,Telefonica Brasil,Telefonica Brasil SA,2050000.0,17937500,0.3131,Brazil,N-PORT
2020-11-30,Aurobindo Pharma,Aurobindo Pharma Ltd,1500000.0,17436761,0.3044,India,N-PORT
2020-11-30,Mail.Ru Group,Mail.Ru Group Ltd,551200.0,15902120,0.2776,Russia,N-PORT
2020-11-30,Kunlun Energy,Kunlun Energy Co Ltd,21000000.0,15822372,0.2762,China,N-PORT
2020-11-30,iQIYI,iQIYI Inc,700000.0,15652000,0.2732,China,N-PORT
2020-11-30,TIM /Brazil,TIM SA/Brazil,1244820.0,15597595,0.2723,BR,N-PORT
2020-11-30,Tata Consumer Products,Tata Consumer Products Ltd,2128276.0,15354841,0.268,India,N-PORT
2020-11-30,Akbank T.A.S,Akbank T.A.S.,19500000.0,15011509,0.262,Turkey,N-PORT
2020-11-30,United Breweries,United Breweries Ltd,1000000.0,14000832,0.2444,India,N-PORT
2020-11-30,LG Display,LG Display Co Ltd,1000000.0,13781573,0.2406,Republic of Korea,N-PORT
2020-11-30,Sinopec,China Petroleum & Chemical Corp,30000000.0,13585256,0.2371,China,N-PORT
2020-11-30,Sogou,Sogou Inc,1500000.0,13230000,0.2309,China,N-PORT
2020-11-30,Arcos Dorados,Arcos Dorados Holdings Inc,2304242.0,11359913,0.1983,Brazil,N-PORT
2020-11-30,Fomento Economico Mexicano SAB de CV,Fomento Economico Mexicano SAB de CV,154722.0,11163192,0.1949,MX,N-PORT
2020-11-30,FIT Hon Teng,FIT Hon Teng Ltd,33000000.0,10814019,0.1888,TW,N-PORT
2020-11-30,Cemex SAB de CV,Cemex SAB de CV,2326397.0,10701426,0.1868,MX,N-PORT
2020-11-30,Sberbank,Sberbank of Russia PJSC,800000.0,10624000,0.1855,Russia,N-PORT
2020-11-30,BlackRock Liquidity FedFund,BlackRock Liquidity FedFund,10280628.91,10280629,0.1795,US,N-PORT
2020-11-30,Goldman Sachs Financial Square Government Fund,Goldman Sachs Financial Square Government Fund,10280628.89,10280629,0.1795,US,N-PORT
2020-11-30,KB Financial,KB Financial Group Inc,245928.0,10228146,0.1785,Republic of Korea,N-PORT
2020-11-30,Turkcell Iletisim Hizmetleri AS,Turkcell Iletisim Hizmetleri AS,2066701.0,10085501,0.1761,TR,N-PORT
2020-11-30,Tata Chemicals,Tata Chemicals Ltd,1866909.0,9868933,0.1723,India,N-PORT
2020-11-30,Lotte,Lotte Corp,300000.0,9597397,0.1675,Republic of Korea,N-PORT
2020-11-30,Surgutneftegas,Surgutneftegas PJSC,2014441.0,9089158,0.1587,Russia,N-PORT
2020-11-30,Shinhan Financial,Shinhan Financial Group Co Ltd,300000.0,8729836,0.1524,Republic of Korea,N-PORT
2020-11-30,Semiconductor Manufacturing International,Semiconductor Manufacturing International Corp,3000000.0,8379510,0.1463,CN,N-PORT
2020-11-30,Usinas Siderurgicas de Minas Gerais Usiminas,Usinas Siderurgicas de Minas Gerais SA Usiminas,3235733.0,8359007,0.1459,Brazil,N-PORT
2020-11-30,Astra Agro Lestari Tbk,Astra Agro Lestari Tbk PT,9132500.0,7971534,0.1392,ID,N-PORT
2020-11-30,Glenmark Pharmaceuticals,Glenmark Pharmaceuticals Ltd,1167988.0,7369782,0.1286,India,N-PORT
2020-11-30,Wockhardt,Wockhardt Ltd,1200000.0,7285337,0.1272,India,N-PORT
2020-11-30,Tata Motors,Tata Motors Ltd,3000000.0,7203497,0.1257,India,N-PORT
2020-11-30,Rumo,Rumo SA,1905351.0,6721756,0.1173,Brazil,N-PORT
2020-11-30,Turkiye Sise ve Cam Fabrikalari AS,Turkiye Sise ve Cam Fabrikalari AS,7651443.0,6653429,0.1161,TR,N-PORT
2020-11-30,Zee Entertainment Enterprises,Zee Entertainment Enterprises Ltd,2530000.0,6540574,0.1142,India,N-PORT
2020-11-30,iShares MSCI Turkey ETF,iShares MSCI Turkey ETF,290275.0,6470230,0.1129,Russia,N-PORT
2020-11-30,Cresud,Cresud SACIF y A,1624384.0,6448804,0.1126,Argentina,N-PORT
2020-11-30,Braskem,Braskem SA,1470000.0,6256020,0.1092,Brazil,N-PORT
2020-11-30,Cia Cervecerias Unidas,Cia Cervecerias Unidas SA,410528.0,5874656,0.1025,Chile,N-PORT
2020-11-30,PetroChina,PetroChina Co Ltd,18000000.0,5735997,0.1001,China,N-PORT
2020-11-30,Lotte Confectionery,Lotte Confectionery Co Ltd,60000.0,5584926,0.0975,Republic of Korea,N-PORT
2020-11-30,IRSA,IRSA Inversiones y Representaciones SA,1184728.0,5165414,0.0902,Argentina,N-PORT
2020-11-30,Turkcell Iletisim Hizmetleri AS,Turkcell Iletisim Hizmetleri AS,2427827.0,4594864,0.0802,TR,N-PORT
2020-11-30,Lotte Chilsung Beverage,Lotte Chilsung Beverage Co Ltd,44000.0,3952465,0.069,Republic of Korea,N-PORT
2020-11-30,ZhongAn Online P&C Insurance,ZhongAn Online P&C Insurance Co Ltd,739600.0,3573454,0.0624,CN,N-PORT
2020-11-30,Griffin Mining,Griffin Mining Ltd,3056187.0,3544689,0.0619,United Kingdom,N-PORT
2020-11-30,Tianjin Development Holdings,Tianjin Development Holdings Ltd,15885550.0,3074206,0.0537,China,N-PORT
2020-11-30,Sinofert Holdings,Sinofert Holdings Ltd,28000000.0,2745434,0.0479,China,N-PORT
2020-11-30,Grupo Lala SAB de CV,Grupo Lala SAB de CV,3900027.0,2701618,0.0472,MX,N-PORT
2020-11-30,Etalon Group,Etalon Group PLC,1616300.0,2602243,0.0454,Russia,N-PORT
2020-11-30,Embraer,Embraer SA,420704.0,2511603,0.0438,Brazil,N-PORT
2020-11-30,Guangshen Railway,Guangshen Railway Co Ltd,11000000.0,2029402,0.0354,China,N-PORT
2020-11-30,Atacadao,Atacadao SA,500000.0,1859111,0.0325,Brazil,N-PORT
2020-11-30,UEM Sunrise Bhd,UEM Sunrise Bhd,17000000.0,1773441,0.031,MY,N-PORT
2020-11-30,AES Tiete,AES Tiete Energia SA,516085.0,1541300,0.0269,Brazil,N-PORT
2020-11-30,Aluminium Bahrain BSC,Aluminium Bahrain BSC,221400.0,1418067,0.0248,BH,N-PORT
2020-11-30,Cablevision Holding,Cablevision Holding SA,443972.0,1273117,0.0222,Argentina,N-PORT
2020-11-30,VEON,VEON Ltd,732264.0,1061783,0.0185,Russia,N-PORT
2020-11-30,Turk Telekomunikasyon AS,Turk Telekomunikasyon AS,951192.0,934163,0.0163,TR,N-PORT
2020-11-30,IRSA Propiedades Comerciales,IRSA Propiedades Comerciales SA,52574.36817,525744,0.0092,Argentina,N-PORT
2020-11-30,Sun International /South Africa,Sun International Ltd/South Africa,364166.0,317929,0.0055,ZA,N-PORT
2020-11-30,Indiabulls Real Estate,Indiabulls Real Estate Ltd,102021.0,89201,0.0016,India,N-PORT
2020-11-30,Grupo Clarin,Grupo Clarin SA,131213.0,67239,0.0012,Argentina,N-PORT
2020-11-30,Tencent Music Entertainment Group,Tencent Music Entertainment Group,1217.0,20397,0.0004,China,N-PORT
2020-11-30,ENEL RUSSIA PJSC,ENEL RUSSIA PJSC,21161.0,12449,0.0002,Russia,N-PORT
2020-11-30,Kangji Medical Holdings,Kangji Medical Holdings Ltd,3000.0,6224,0.0001,China,N-PORT
2020-11-30,Oil & Natural Gas,Oil & Natural Gas Corp Ltd,254590.0,0,0.0,LU,N-PORT
2020-11-30,Lehman Brothers Equity Finance,Lehman Brothers Equity Finance,172132.0,0,0.0,US,N-PORT
2020-11-30,T Plus PJSC,T Plus PJSC,36096.0,0,0.0,RU,N-PORT
2021-11-30,TSMC,Taiwan Semiconductor Manufacturing Co Ltd,31000000.0,659329428,10.2696,Taiwan,N-PORT
2021-11-30,MediaTek,MediaTek Inc,10092000.0,365841603,5.6983,Taiwan,N-PORT
2021-11-30,Wuliangye Yibin,Wuliangye Yibin Co Ltd,10299780.0,352688395,5.4934,China,N-PORT
2021-11-30,Reliance Industries,Reliance Industries Ltd,10500000.0,335727842,5.2293,India,N-PORT
2021-11-30,SK Hynix,SK Hynix Inc,3490000.0,333647794,5.1969,Republic of Korea,N-PORT
2021-11-30,Samsung Electronics,Samsung Electronics Co Ltd,5200000.0,312136411,4.8618,Republic of Korea,N-PORT
2021-11-30,Kweichow Moutai,Kweichow Moutai Co Ltd,969961.0,293966014,4.5788,China,N-PORT
2021-11-30,Tencent,Tencent Holdings Ltd,4750000.0,277015631,4.3148,China,N-PORT
2021-11-30,JD.com,JD.com Inc,3080000.0,259058800,4.0351,China,N-PORT
2021-11-30,Micron,Micron Technology Inc,2050900.0,172275600,2.6833,United States,N-PORT
2021-11-30,Alibaba,Alibaba Group Holding Ltd,1217000.0,155204010,2.4174,China,N-PORT
2021-11-30,SK Telecom,SK Telecom Co Ltd,3312676.5475,152383121,2.3735,Republic of Korea,N-PORT
2021-11-30,Reliance Industries,Reliance Industries Ltd,2340879.0,149582168,2.3299,India,N-PORT
2021-11-30,Gazprom,Gazprom PJSC,14600000.0,129515082,2.0173,Russia,N-PORT
2021-11-30,SK Telecom,SK Telecom Co Ltd,2642026.875,120975954,1.8843,Republic of Korea,N-PORT
2021-11-30,Rosneft,Rosneft Oil Co PJSC,14555684.0,109594650,1.707,Russia,N-PORT
2021-11-30,SK Square,SK Square Co Ltd,1707973.0,97770994,1.5229,Republic of Korea,N-PORT
2021-11-30,Prosus NV,Prosus NV,1099494.0,88358499,1.3763,NL,N-PORT
2021-11-30,Astra International Tbk,Astra International Tbk PT,180000000.0,72580782,1.1305,ID,N-PORT
2021-11-30,Samsung Electronics,Samsung Electronics Co Ltd,1183100.0,63799844,0.9937,Republic of Korea,N-PORT
2021-11-30,Baidu,Baidu Inc,420000.0,62932800,0.9802,China,N-PORT
2021-11-30,Sociedad Quimica y Minera de Chile,Sociedad Quimica y Minera de Chile SA,989600.0,61612496,0.9597,Chile,N-PORT
2021-11-30,Yandex NV,Yandex NV,836225.0,60158026,0.937,RU,N-PORT
2021-11-30,Infosys,Infosys Ltd,2640000.0,60049469,0.9353,India,N-PORT
2021-11-30,Americanas,Americanas SA,10500000.0,56591691,0.8815,Brazil,N-PORT
2021-11-30,Tsingtao Brewery,Tsingtao Brewery Co Ltd,7000000.0,56583883,0.8813,China,N-PORT
2021-11-30,Grupo Televisa,Grupo Televisa SAB,6017000.0,55296230,0.8613,Mexico,N-PORT
2021-11-30,Sberbank,Sberbank of Russia PJSC,12000000.0,51637617,0.8043,Russia,N-PORT
2021-11-30,Banco Santander Mexico Institucion de Banca Multiple Grupo Financiero Santand,Banco Santander Mexico SA Institucion de Banca Multiple Grupo Financiero Santand,8042900.0,49222548,0.7667,MX,N-PORT
2021-11-30,Tata Consultancy Services,Tata Consultancy Services Ltd,950000.0,44647403,0.6954,India,N-PORT
2021-11-30,BeiGene,BeiGene Ltd,1615700.0,43076433,0.671,China,N-PORT
2021-11-30,HCL Technologies,HCL Technologies Ltd,2800000.0,42409836,0.6606,India,N-PORT
2021-11-30,ConocoPhillips,ConocoPhillips,580000.0,40675400,0.6336,United States,N-PORT
2021-11-30,Intel,Intel Corp,800000.0,39360000,0.6131,United States,N-PORT
2021-11-30,Sohu.com,Sohu.com Ltd,2219642.0,37445361,0.5832,China,N-PORT
2021-11-30,Vale,Vale SA,3000000.0,37110000,0.578,Brazil,N-PORT
2021-11-30,Alibaba,Alibaba Group Holding Ltd,2300000.0,36725715,0.572,China,N-PORT
2021-11-30,Fomento Economico Mexicano SAB de CV,Fomento Economico Mexicano SAB de CV,508329.0,35959193,0.5601,MX,N-PORT
2021-11-30,Itau Unibanco,Itau Unibanco Holding SA,9170000.0,35946400,0.5599,Brazil,N-PORT
2021-11-30,Weibo,Weibo Corp,899622.0,35813952,0.5578,China,N-PORT
2021-11-30,Anhui Conch Cement,Anhui Conch Cement Co Ltd,7800000.0,35512097,0.5531,China,N-PORT
2021-11-30,Uni-President China,Uni-President China Holdings Ltd,31186000.0,30596573,0.4766,China,N-PORT
2021-11-30,LUKOIL,LUKOIL PJSC,350644.0,30411891,0.4737,Russia,N-PORT
2021-11-30,Coca-Cola Femsa SAB de CV,Coca-Cola Femsa SAB de CV,600000.0,29472000,0.4591,MX,N-PORT
2021-11-30,Lupin,Lupin Ltd,2500000.0,29410659,0.4581,India,N-PORT
2021-11-30,Ping An Insurance Group Co of China,Ping An Insurance Group Co of China Ltd,4000000.0,27728969,0.4319,CN,N-PORT
2021-11-30,LG Uplus,LG Uplus Corp,2403542.0,27353214,0.4261,Republic of Korea,N-PORT
2021-11-30,Petrobras,Petroleo Brasileiro SA,2500000.0,25875000,0.403,Brazil,N-PORT
2021-11-30,Tingyi Cayman Islands Holding,Tingyi Cayman Islands Holding Corp,13000000.0,25114871,0.3912,China,N-PORT
2021-11-30,BRF,BRF SA,6850000.0,24043500,0.3745,Brazil,N-PORT
2021-11-30,America Movil SAB de CV,America Movil SAB de CV,1369199.0,23851447,0.3715,MX,N-PORT
2021-11-30,Grupo Financiero Banorte SAB de CV,Grupo Financiero Banorte SAB de CV,4000000.0,23829311,0.3712,MX,N-PORT
2021-11-30,Buenaventura,Cia de Minas Buenaventura SAA,3217400.0,23519194,0.3663,Peru,N-PORT
2021-11-30,Transneft PJSC,Transneft PJSC,12000.0,22959597,0.3576,Russia,N-PORT
2021-11-30,Tata Consumer Products,Tata Consumer Products Ltd,2128276.0,22070650,0.3438,India,N-PORT
2021-11-30,Tata Chemicals,Tata Chemicals Ltd,1866909.0,21662837,0.3374,India,N-PORT
2021-11-30,BHP Group,BHP Group Ltd,380000.0,21352200,0.3326,Australia,N-PORT
2021-11-30,Banco Bradesco,Banco Bradesco SA,5982240.0,21057485,0.328,Brazil,N-PORT
2021-11-30,United Breweries,United Breweries Ltd,1000000.0,20027825,0.312,India,N-PORT
2021-11-30,Kunlun Energy,Kunlun Energy Co Ltd,21000000.0,19750233,0.3076,China,N-PORT
2021-11-30,Rio Tinto,Rio Tinto PLC,300000.0,18807000,0.2929,Australia,N-PORT
2021-11-30,Tata Motors,Tata Motors Ltd,3000000.0,18320435,0.2854,India,N-PORT
2021-11-30,Telefonica Brasil,Telefonica Brasil SA,2050000.0,18101500,0.2819,Brazil,N-PORT
2021-11-30,Samsung Life Insurance,Samsung Life Insurance Co Ltd,360939.0,18093303,0.2818,Republic of Korea,N-PORT
2021-11-30,Banco Santander Brasil,Banco Santander Brasil SA,3051128.0,17757565,0.2766,Brazil,N-PORT
2021-11-30,Monde Nissin,Monde Nissin Corp,49002500.0,16341610,0.2545,PH,N-PORT
2021-11-30,Turkcell Iletisim Hizmetleri AS,Turkcell Iletisim Hizmetleri AS,4449485.0,16018146,0.2495,TR,N-PORT
2021-11-30,Trip.com Group,Trip.com Group Ltd,582400.0,16016000,0.2495,China,N-PORT
2021-11-30,New Oriental Education & Technology Group,New Oriental Education & Technology Group Inc,7000000.0,15470000,0.241,China,N-PORT
2021-11-30,TIM /Brazil,TIM SA/Brazil,1244820.0,15124563,0.2356,BR,N-PORT
2021-11-30,Cemex SAB de CV,Cemex SAB de CV,2326397.0,14307342,0.2228,MX,N-PORT
2021-11-30,Sberbank,Sberbank of Russia PJSC,800000.0,13481259,0.21,Russia,N-PORT
2021-11-30,Naspers,Naspers Ltd,86398.0,13353475,0.208,South Africa,N-PORT
2021-11-30,Aurobindo Pharma,Aurobindo Pharma Ltd,1500000.0,13169370,0.2051,India,N-PORT
2021-11-30,Sinopec,China Petroleum & Chemical Corp,30000000.0,13077288,0.2037,China,N-PORT
2021-11-30,Braskem,Braskem SA,1470000.0,12951093,0.2017,BR,N-PORT
2021-11-30,Vinda International Holdings,Vinda International Holdings Ltd,4300000.0,11635035,0.1812,Hong Kong,N-PORT
2021-11-30,Arcos Dorados,Arcos Dorados Holdings Inc,2337159.0,11498822,0.1791,Brazil,N-PORT
2021-11-30,KB Financial,KB Financial Group Inc,245928.0,10914285,0.17,Republic of Korea,N-PORT
2021-11-30,Zee Entertainment Enterprises,Zee Entertainment Enterprises Ltd,2530000.0,10912915,0.17,India,N-PORT
2021-11-30,China National Building Material,China National Building Material Co Ltd,10000000.0,10743197,0.1673,China,N-PORT
2021-11-30,Surgutneftegas,Surgutneftegas PJSC,2014441.0,9779859,0.1523,Russia,N-PORT
2021-11-30,Hengan International Group,Hengan International Group Co Ltd,2000000.0,9658604,0.1504,China,N-PORT
2021-11-30,Akbank TAS,Akbank TAS,19500000.0,9288258,0.1447,Turkey,N-PORT
2021-11-30,Mail.Ru Group,Mail.Ru Group Ltd,551200.0,9226766,0.1437,Russia,N-PORT
2021-11-30,Shinhan Financial,Shinhan Financial Group Co Ltd,300000.0,8724400,0.1359,Republic of Korea,N-PORT
2021-11-30,Glenmark Pharmaceuticals,Glenmark Pharmaceuticals Ltd,1167988.0,8141794,0.1268,India,N-PORT
2021-11-30,Usinas Siderurgicas de Minas Gerais Usiminas,Usinas Siderurgicas de Minas Gerais SA Usiminas,3235733.0,7816156,0.1217,Brazil,N-PORT
2021-11-30,FIT Hon Teng,FIT Hon Teng Ltd,38000000.0,7804380,0.1216,TW,N-PORT
2021-11-30,PetroChina,PetroChina Co Ltd,18000000.0,7794155,0.1214,China,N-PORT
2021-11-30,Lotte,Lotte Corp,300000.0,7310998,0.1139,Republic of Korea,N-PORT
2021-11-30,Cresud,Cresud SACIF y A,1624384.0,7212265,0.1123,Argentina,N-PORT
2021-11-30,Turkiye Sise ve Cam Fabrikalari AS,Turkiye Sise ve Cam Fabrikalari AS,7651443.0,7015185,0.1093,TR,N-PORT
2021-11-30,Tencent Music Entertainment Group,Tencent Music Entertainment Group,950000.0,6830500,0.1064,China,N-PORT
2021-11-30,Cia Cervecerias Unidas,Cia Cervecerias Unidas SA,410528.0,6597185,0.1028,Chile,N-PORT
2021-11-30,Astra Agro Lestari Tbk,Astra Agro Lestari Tbk PT,9132500.0,6356231,0.099,ID,N-PORT
2021-11-30,XP,XP Inc,211715.0,6071986,0.0946,Brazil,N-PORT
2021-11-30,Rumo,Rumo SA,1905351.0,5944637,0.0926,Brazil,N-PORT
2021-11-30,DiDi Global,DiDi Global Inc,771500.0,5886545,0.0917,China,N-PORT
2021-11-30,Embraer,Embraer SA,420704.0,5776266,0.09,Brazil,N-PORT
2021-11-30,IRSA,IRSA Inversiones y Representaciones SA,1348512.0,5731176,0.0893,Argentina,N-PORT
2021-11-30,Lotte Confectionery,Lotte Confectionery Co Ltd,60000.0,5608977,0.0874,Republic of Korea,N-PORT
2021-11-30,TAL Education Group,TAL Education Group,1030000.0,5335400,0.0831,China,N-PORT
2021-11-30,iShares MSCI Turkey ETF,iShares MSCI Turkey ETF,290275.0,5213339,0.0812,Argentina,N-PORT
2021-11-30,Lotte Chilsung Beverage,Lotte Chilsung Beverage Co Ltd,44000.0,4838522,0.0754,Republic of Korea,N-PORT
2021-11-30,iQIYI,iQIYI Inc,700000.0,4368000,0.068,China,N-PORT
2021-11-30,Griffin Mining,Griffin Mining Ltd,3056187.0,3901582,0.0608,United Kingdom,N-PORT
2021-11-30,Turkcell Iletisim Hizmetleri AS,Turkcell Iletisim Hizmetleri AS,2427827.0,3396219,0.0529,TR,N-PORT
2021-11-30,Tianjin Development Holdings,Tianjin Development Holdings Ltd,15885550.0,3259410,0.0508,China,N-PORT
2021-11-30,ZhongAn Online P&C Insurance,ZhongAn Online P&C Insurance Co Ltd,739600.0,2520634,0.0393,CN,N-PORT
2021-11-30,Aluminium Bahrain BSC,Aluminium Bahrain BSC,221400.0,2348766,0.0366,BH,N-PORT
2021-11-30,Etalon Group,Etalon Group PLC,1616300.0,2182005,0.034,Russia,N-PORT
2021-11-30,Guangshen Railway,Guangshen Railway Co Ltd,11000000.0,1815670,0.0283,China,N-PORT
2021-11-30,Atacadao,Atacadao SA,500000.0,1356315,0.0211,Brazil,N-PORT
2021-11-30,VEON,VEON Ltd,732264.0,1266817,0.0197,Russia,N-PORT
2021-11-30,UEM Sunrise Bhd,UEM Sunrise Bhd,17000000.0,1251336,0.0195,MY,N-PORT
2021-11-30,AES Brasil Energia,AES Brasil Energia SA,516085.0,1045600,0.0163,Brazil,N-PORT
2021-11-30,Zhihu,Zhihu Inc,142600.0,1042406,0.0162,China,N-PORT
2021-11-30,Cablevision Holding,Cablevision Holding SA,443972.0,1035125,0.0161,Argentina,N-PORT
2021-11-30,Joinn Laboratories China,Joinn Laboratories China Co Ltd,61320.0,731281,0.0114,China,N-PORT
2021-11-30,Turk Telekomunikasyon AS,Turk Telekomunikasyon AS,951192.0,683083,0.0106,TR,N-PORT
2021-11-30,Sun International /South Africa,Sun International Ltd/South Africa,364166.0,583856,0.0091,ZA,N-PORT
2021-11-30,IRSA Propiedades Comerciales,IRSA Propiedades Comerciales SA,225805.0,496771,0.0077,Argentina,N-PORT
2021-11-30,Getnet Adquirencia e Servicos para Meios de Pagamento,Getnet Adquirencia e Servicos para Meios de Pagamento SA,381391.0,495808,0.0077,Brazil,N-PORT
2021-11-30,D-MARKET Elektronik Hizmetler ve Ticaret AS,D-MARKET Elektronik Hizmetler ve Ticaret AS,144600.0,354270,0.0055,TR,N-PORT
2021-11-30,IRSA INVERSIONES Y REP -CW26,IRSA INVERSIONES Y REP -CW26,1637840.0,229298,0.0036,AR,N-PORT
2021-11-30,Indiabulls Real Estate,Indiabulls Real Estate Ltd,102021.0,227520,0.0035,India,N-PORT
2021-11-30,Lizhi,Lizhi Inc,100000.0,212000,0.0033,China,N-PORT
2021-11-30,Grupo Clarin,Grupo Clarin SA,131213.0,128617,0.002,Argentina,N-PORT
2021-11-30,ENEL RUSSIA PJSC,ENEL RUSSIA PJSC,21161.0,11950,0.0002,Russia,N-PORT
2021-11-30,Kangji Medical Holdings,Kangji Medical Holdings Ltd,3000.0,3364,0.0001,China,N-PORT
2021-11-30,Indian Oil,Indian Oil Corp Ltd,172132.0,0,0.0,US,N-PORT
2021-11-30,Oil & Natural Gas,Oil & Natural Gas Corp Ltd,254590.0,0,0.0,LU,N-PORT
2021-11-30,T Plus PJSC,T Plus PJSC,36096.0,0,0.0,RU,N-PORT
2022-11-30,TSMC,Taiwan Semiconductor Manufacturing Co Ltd,31000000.0,497855463,10.4684,Taiwan,N-PORT
2022-11-30,Reliance Industries,Reliance Industries Ltd,10500000.0,353194000,7.4266,India,N-PORT
2022-11-30,Samsung Electronics,Samsung Electronics Co Ltd,5200000.0,249854549,5.2537,Republic of Korea,N-PORT
2022-11-30,MediaTek,MediaTek Inc,10092000.0,243861167,5.1277,Taiwan,N-PORT
2022-11-30,SK Hynix,SK Hynix Inc,3490000.0,230340105,4.8434,Republic of Korea,N-PORT
2022-11-30,Tencent,Tencent Holdings Ltd,5000000.0,189081579,3.9758,China,N-PORT
2022-11-30,JD.com,JD.com Inc,3080000.0,176114400,3.7032,China,N-PORT
2022-11-30,SK Square,SK Square Co Ltd,5981465.0,173298790,3.6439,Republic of Korea,N-PORT
2022-11-30,Alibaba,Alibaba Group Holding Ltd,1940000.0,169866400,3.5718,China,N-PORT
2022-11-30,Kweichow Moutai,Kweichow Moutai Co Ltd,700000.0,157750699,3.317,China,N-PORT
2022-11-30,Reliance Industries,Reliance Industries Ltd,2340879.0,155779650,3.2756,India,N-PORT
2022-11-30,Wuliangye Yibin,Wuliangye Yibin Co Ltd,7000000.0,155740016,3.2747,China,N-PORT
2022-11-30,Vale,Vale SA,5430000.0,89595000,1.8839,Brazil,N-PORT
2022-11-30,SK Telecom,SK Telecom Co Ltd,2175168.0,82929738,1.7438,Republic of Korea,N-PORT
2022-11-30,Sociedad Quimica y Minera de Chile,Sociedad Quimica y Minera de Chile SA,800000.0,79328000,1.668,Chile,N-PORT
2022-11-30,SK Telecom,SK Telecom Co Ltd,3312676.0,71056900,1.4941,Republic of Korea,N-PORT
2022-11-30,Astra International Tbk,Astra International Tbk PT,180000000.0,69641811,1.4644,ID,N-PORT
2022-11-30,Tsingtao Brewery,Tsingtao Brewery Co Ltd,7000000.0,66265789,1.3934,China,N-PORT
2022-11-30,Micron,Micron Technology Inc,1000000.0,57650000,1.2122,United States,N-PORT
2022-11-30,Fomento Economico Mexicano SAB de CV,Fomento Economico Mexicano SAB de CV,688329.0,54976837,1.156,MX,N-PORT
2022-11-30,Rio Tinto,Rio Tinto PLC,800000.0,54912000,1.1546,Australia,N-PORT
2022-11-30,Infosys,Infosys Ltd,2640000.0,53660408,1.1283,India,N-PORT
2022-11-30,Samsung Electronics,Samsung Electronics Co Ltd,1183100.0,50875276,1.0698,Republic of Korea,N-PORT
2022-11-30,Banco Santander Mexico Institucion de Banca Multiple Grupo Financiero Santand,Banco Santander Mexico SA Institucion de Banca Multiple Grupo Financiero Santand,8042900.0,48337829,1.0164,MX,N-PORT
2022-11-30,Banco Bradesco,Banco Bradesco SA,16000000.0,47520000,0.9992,Brazil,N-PORT
2022-11-30,Baidu,Baidu Inc,420000.0,45612000,0.9591,China,N-PORT
2022-11-30,Tata Consultancy Services,Tata Consultancy Services Ltd,950000.0,39895722,0.8389,India,N-PORT
2022-11-30,HCL Technologies,HCL Technologies Ltd,2800000.0,38865620,0.8172,India,N-PORT
2022-11-30,Itau Unibanco,Itau Unibanco Holding SA,7170000.0,35706600,0.7508,Brazil,N-PORT
2022-11-30,Grupo Televisa,Grupo Televisa SAB,6017000.0,32852820,0.6908,Mexico,N-PORT
2022-11-30,Sohu.com,Sohu.com Ltd,2219642.0,32806309,0.6898,China,N-PORT
2022-11-30,Grupo Financiero Banorte SAB de CV,Grupo Financiero Banorte SAB de CV,4000000.0,32103245,0.675,MX,N-PORT
2022-11-30,ANTA Sports Products,ANTA Sports Products Ltd,2317600.0,27545248,0.5792,China,N-PORT
2022-11-30,Uni-President China,Uni-President China Holdings Ltd,31186000.0,27373790,0.5756,China,N-PORT
2022-11-30,America Movil SAB de CV,America Movil SAB de CV,1369199.0,26644613,0.5603,MX,N-PORT
2022-11-30,Buenaventura,Cia de Minas Buenaventura SAA,3217400.0,26253984,0.552,Peru,N-PORT
2022-11-30,Petrobras,Petroleo Brasileiro SA,2500000.0,25625000,0.5388,Brazil,N-PORT
2022-11-30,Alibaba,Alibaba Group Holding Ltd,2300000.0,25031274,0.5263,China,N-PORT
2022-11-30,Ping An Insurance Group Co of China,Ping An Insurance Group Co of China Ltd,4000000.0,24696033,0.5193,CN,N-PORT
2022-11-30,Intel,Intel Corp,800000.0,24056000,0.5058,United States,N-PORT
2022-11-30,BeiGene,BeiGene Ltd,1615700.0,24021996,0.5051,China,N-PORT
2022-11-30,BHP Group,BHP Group Ltd,380000.0,23864000,0.5018,Australia,N-PORT
2022-11-30,Tata Chemicals,Tata Chemicals Ltd,1866909.0,23847954,0.5015,India,N-PORT
2022-11-30,Lupin,Lupin Ltd,2500000.0,23576515,0.4957,India,N-PORT
2022-11-30,LG Uplus,LG Uplus Corp,2403542.0,22218980,0.4672,Republic of Korea,N-PORT
2022-11-30,Americanas,Americanas SA,10770362.0,21584932,0.4539,Brazil,N-PORT
2022-11-30,Tata Consumer Products,Tata Consumer Products Ltd,2128276.0,21438716,0.4508,India,N-PORT
2022-11-30,Tingyi Cayman Islands Holding,Tingyi Cayman Islands Holding Corp,13000000.0,21262106,0.4471,China,N-PORT
2022-11-30,United Breweries,United Breweries Ltd,1000000.0,20737298,0.436,India,N-PORT
2022-11-30,Coca-Cola Femsa SAB de CV,Coca-Cola Femsa SAB de CV,300000.0,20493000,0.4309,MX,N-PORT
2022-11-30,Samsung Life Insurance,Samsung Life Insurance Co Ltd,360939.0,20262424,0.4261,Republic of Korea,N-PORT
2022-11-30,New Oriental Education & Technology Group,New Oriental Education & Technology Group Inc,700000.0,20118000,0.423,China,N-PORT
2022-11-30,Turkcell Iletisim Hizmetleri AS,Turkcell Iletisim Hizmetleri AS,4449485.0,20022682,0.421,TR,N-PORT
2022-11-30,Cemex SAB de CV,Cemex SAB de CV,4300000.0,19651000,0.4132,MX,N-PORT
2022-11-30,Trip.com Group,Trip.com Group Ltd,582400.0,18607680,0.3913,China,N-PORT
2022-11-30,Akbank TAS,Akbank TAS,19500000.0,18110581,0.3808,TR,N-PORT
2022-11-30,Kunlun Energy,Kunlun Energy Co Ltd,21000000.0,16292754,0.3426,China,N-PORT
2022-11-30,Banco Santander Brasil,Banco Santander Brasil SA,3051128.0,16262512,0.342,Brazil,N-PORT
2022-11-30,Turkiye Sise ve Cam Fabrikalari AS,Turkiye Sise ve Cam Fabrikalari AS,7651443.0,16137873,0.3393,TR,N-PORT
2022-11-30,TIM /Brazil,TIM SA/Brazil,1244820.0,15510457,0.3261,BR,N-PORT
2022-11-30,Full Truck Alliance,Full Truck Alliance Co Ltd,1800000.0,15354000,0.3228,China,N-PORT
2022-11-30,Weibo,Weibo Corp,960481.0,15310067,0.3219,China,N-PORT
2022-11-30,Telefonica Brasil,Telefonica Brasil SA,2050000.0,14985500,0.3151,Brazil,N-PORT
2022-11-30,Sinopec,China Petroleum & Chemical Corp,30000000.0,14162829,0.2978,China,N-PORT
2022-11-30,Naspers,Naspers Ltd,86398.0,13241714,0.2784,South Africa,N-PORT
2022-11-30,BRF,BRF SA,6850000.0,12467000,0.2621,Brazil,N-PORT
2022-11-30,Vinda International Holdings,Vinda International Holdings Ltd,4300000.0,11194391,0.2354,Hong Kong,N-PORT
2022-11-30,iShares MSCI Turkey ETF,iShares MSCI Turkey ETF,290275.0,9956432,0.2094,Argentina,N-PORT
2022-11-30,Cresud,Cresud SACIF y A,1624384.0,9730060,0.2046,Argentina,N-PORT
2022-11-30,KB Financial,KB Financial Group Inc,245928.0,9692022,0.2038,Republic of Korea,N-PORT
2022-11-30,Hengan International Group,Hengan International Group Co Ltd,2000000.0,9218894,0.1938,China,N-PORT
2022-11-30,Eletrobras,Centrais Eletricas Brasileiras SA,989541.0,8866287,0.1864,Brazil,N-PORT
2022-11-30,Kakao,Kakao Corp,200000.0,8775285,0.1845,Republic of Korea,N-PORT
2022-11-30,Shinhan Financial,Shinhan Financial Group Co Ltd,300000.0,8697038,0.1829,Republic of Korea,N-PORT
2022-11-30,Aurobindo Pharma,Aurobindo Pharma Ltd,1500000.0,8666021,0.1822,India,N-PORT
2022-11-30,FIT Hon Teng,FIT Hon Teng Ltd,38000000.0,8280195,0.1741,TW,N-PORT
2022-11-30,Zee Entertainment Enterprises,Zee Entertainment Enterprises Ltd,2530000.0,8242458,0.1733,India,N-PORT
2022-11-30,PetroChina,PetroChina Co Ltd,18000000.0,8190580,0.1722,China,N-PORT
2022-11-30,Braskem,Braskem SA,1470000.0,8025109,0.1687,BR,N-PORT
2022-11-30,Lotte,Lotte Corp,300000.0,7538309,0.1585,Republic of Korea,N-PORT
2022-11-30,Rumo,Rumo SA,1905351.0,7111998,0.1495,Brazil,N-PORT
2022-11-30,Tencent Music Entertainment Group,Tencent Music Entertainment Group,950000.0,6659500,0.14,China,N-PORT
2022-11-30,JD.com,JD.com Inc,226190.0,6457220,0.1358,China,N-PORT
2022-11-30,IRSA,IRSA Inversiones y Representaciones SA,1474962.0,6312837,0.1327,Argentina,N-PORT
2022-11-30,Glenmark Pharmaceuticals,Glenmark Pharmaceuticals Ltd,1167988.0,6188228,0.1301,India,N-PORT
2022-11-30,TAL Education Group,TAL Education Group,1030000.0,6149100,0.1293,China,N-PORT
2022-11-30,Lotte Confectionery,Lotte Confectionery Co Ltd,60000.0,5901996,0.1241,Republic of Korea,N-PORT
2022-11-30,Lotte Chilsung Beverage,Lotte Chilsung Beverage Co Ltd,44000.0,5287009,0.1112,Republic of Korea,N-PORT
2022-11-30,Cia Cervecerias Unidas,Cia Cervecerias Unidas SA,410528.0,5000231,0.1051,Chile,N-PORT
2022-11-30,Astra Agro Lestari Tbk,Astra Agro Lestari Tbk PT,9132500.0,4838074,0.1017,ID,N-PORT
2022-11-30,Usinas Siderurgicas de Minas Gerais Usiminas,Usinas Siderurgicas de Minas Gerais SA Usiminas,3235733.0,4832384,0.1016,BR,N-PORT
2022-11-30,Embraer,Embraer SA,420704.0,4467876,0.0939,Brazil,N-PORT
2022-11-30,Turkcell Iletisim Hizmetleri AS,Turkcell Iletisim Hizmetleri AS,2427827.0,4433514,0.0932,TR,N-PORT
2022-11-30,Arcos Dorados,Arcos Dorados Holdings Inc,573518.0,4295650,0.0903,Argentina,N-PORT
2022-11-30,Kakaopay,Kakaopay Corp,100000.0,4113459,0.0865,Republic of Korea,N-PORT
2022-11-30,Sun Art Retail Group,Sun Art Retail Group Ltd,15079500.0,3937508,0.0828,China,N-PORT
2022-11-30,XP,XP Inc,211715.0,3707130,0.0779,Brazil,N-PORT
2022-11-30,Woodside Energy Group,Woodside Energy Group Ltd,137332.0,3463513,0.0728,Australia,N-PORT
2022-11-30,DiDi Global,DiDi Global Inc,1278300.0,3419452,0.0719,China,N-PORT
2022-11-30,Tianjin Development Holdings,Tianjin Development Holdings Ltd,15885550.0,3027346,0.0637,China,N-PORT
2022-11-30,Aluminium Bahrain BSC,Aluminium Bahrain BSC,221400.0,2977454,0.0626,BH,N-PORT
2022-11-30,Griffin Mining,Griffin Mining Ltd,3056187.0,2615263,0.055,United Kingdom,N-PORT
2022-11-30,iQIYI,iQIYI Inc,700000.0,2079000,0.0437,China,N-PORT
2022-11-30,ZhongAn Online P&C Insurance,ZhongAn Online P&C Insurance Co Ltd,739600.0,1937344,0.0407,CN,N-PORT
2022-11-30,Guangshen Railway,Guangshen Railway Co Ltd,11000000.0,1726635,0.0363,China,N-PORT
2022-11-30,Atacadao,Atacadao SA,500000.0,1540655,0.0324,Brazil,N-PORT
2022-11-30,UEM Sunrise Bhd,UEM Sunrise Bhd,17000000.0,1077630,0.0227,MY,N-PORT
2022-11-30,Cablevision Holding,Cablevision Holding SA,443972.0,1064999,0.0224,Argentina,N-PORT
2022-11-30,AES Brasil Energia,AES Brasil Energia SA,516085.0,1033294,0.0217,Brazil,N-PORT
2022-11-30,Goldman Sachs Financial Square Government Fund,Goldman Sachs Financial Square Government Fund,1020171.23,1020171,0.0215,US,N-PORT
2022-11-30,BlackRock Liquidity FedFund,BlackRock Liquidity FedFund,1020171.17,1020171,0.0215,US,N-PORT
2022-11-30,Turk Telekomunikasyon AS,Turk Telekomunikasyon AS,951192.0,892537,0.0188,TR,N-PORT
2022-11-30,Sun International /South Africa,Sun International Ltd/South Africa,364166.0,755443,0.0159,ZA,N-PORT
2022-11-30,Getnet Adquirencia e Servicos para Meios de Pagamento,Getnet Adquirencia e Servicos para Meios de Pagamento SA,381391.0,652179,0.0137,Brazil,N-PORT
2022-11-30,Sitios Latinoamerica SAB de CV,Sitios Latinoamerica SAB de CV,1369199.0,610299,0.0128,MX,N-PORT
2022-11-30,VEON,VEON Ltd,732264.0,439358,0.0092,Russia,N-PORT
2022-11-30,Joinn Laboratories China,Joinn Laboratories China Co Ltd,85848.0,402055,0.0085,China,N-PORT
2022-11-30,IRSA INVERSIONES Y REP -CW26,IRSA INVERSIONES Y REP -CW26,1637840.0,376539,0.0079,AR,N-PORT
2022-11-30,Grupo Clarin,Grupo Clarin SA,131213.0,135586,0.0029,Argentina,N-PORT
2022-11-30,Indiabulls Real Estate,Indiabulls Real Estate Ltd,102021.0,104356,0.0022,India,N-PORT
2022-11-30,D-MARKET Elektronik Hizmetler ve Ticaret AS,D-MARKET Elektronik Hizmetler ve Ticaret AS,144600.0,100020,0.0021,TR,N-PORT
2022-11-30,Kangji Medical Holdings,Kangji Medical Holdings Ltd,3000.0,3030,0.0001,China,N-PORT
2022-11-30,Gazprom,Gazprom PJSC,29200000.0,0,0.0,Russia,N-PORT
2022-11-30,Surgutneftegas,Surgutneftegas PJSC,2014441.0,0,0.0,Russia,N-PORT
2022-11-30,T Plus PJSC,T Plus PJSC,36096.0,0,0.0,RU,N-PORT
2022-11-30,Etalon Group,Etalon Group PLC,1616300.0,0,0.0,RU,N-PORT
2022-11-30,Indian Oil,Indian Oil Corp Ltd,172132.0,0,0.0,US,N-PORT
2022-11-30,Oil & Natural Gas,Oil & Natural Gas Corp Ltd,254590.0,0,0.0,LU,N-PORT
2022-11-30,ENEL RUSSIA PJSC,ENEL RUSSIA PJSC,1058050.0,0,0.0,RU,N-PORT
2022-11-30,Rosneft,Rosneft Oil Co PJSC,14555684.0,0,0.0,Russia,N-PORT
2022-11-30,Sberbank,Sberbank of Russia PJSC,12000000.0,0,0.0,Russia,N-PORT
2022-11-30,Transneft PJSC,Transneft PJSC,12000.0,0,0.0,RU,N-PORT
2022-11-30,LUKOIL,LUKOIL PJSC,492501.0,0,0.0,Russia,N-PORT
2022-11-30,Yandex NV,Yandex NV,920000.0,0,0.0,RU,N-PORT
2022-11-30,VK,VK Co Ltd,551200.0,0,0.0,RU,N-PORT
2022-11-30,Sberbank,Sberbank of Russia PJSC,3200000.0,0,0.0,Russia,N-PORT
2023-11-30,TSMC,Taiwan Semiconductor Manufacturing Co Ltd,31000000.0,572567222,11.8703,Taiwan,N-PORT
2023-11-30,SK Hynix,SK Hynix Inc,3490000.0,362214471,7.5093,Republic of Korea,N-PORT
2023-11-30,Reliance Industries,Reliance Industries Ltd,10500000.0,299341677,6.2059,India,N-PORT
2023-11-30,Samsung Electronics,Samsung Electronics Co Ltd,5200000.0,293423245,6.0832,Republic of Korea,N-PORT
2023-11-30,SK Square,SK Square Co Ltd,7031497.0,277957096,5.7625,Republic of Korea,N-PORT
2023-11-30,MediaTek,MediaTek Inc,8800000.0,266197183,5.5187,Taiwan,N-PORT
2023-11-30,Tencent,Tencent Holdings Ltd,4800000.0,200939664,4.1658,China,N-PORT
2023-11-30,Kweichow Moutai,Kweichow Moutai Co Ltd,700000.0,175861392,3.6459,China,N-PORT
2023-11-30,Wuliangye Yibin,Wuliangye Yibin Co Ltd,7000000.0,146412094,3.0354,China,N-PORT
2023-11-30,Alibaba,Alibaba Group Holding Ltd,1940000.0,145267200,3.0116,China,N-PORT
2023-11-30,Reliance Industries,Reliance Industries Ltd,2340879.0,134132367,2.7808,India,N-PORT
2023-11-30,SK Telecom,SK Telecom Co Ltd,2175168.0,88008193,1.8246,Republic of Korea,N-PORT
2023-11-30,Fomento Economico Mexicano SAB de CV,Fomento Economico Mexicano SAB de CV,688329.0,87342067,1.8108,MX,N-PORT
2023-11-30,Vale,Vale SA,5000000.0,75000000,1.5549,Brazil,N-PORT
2023-11-30,SK Telecom,SK Telecom Co Ltd,3312676.0,74535210,1.5452,Republic of Korea,N-PORT
2023-11-30,Astra International Tbk,Astra International Tbk PT,180000000.0,62669246,1.2992,ID,N-PORT
2023-11-30,JD.com,JD.com Inc,2080000.0,57054400,1.1828,China,N-PORT
2023-11-30,New Oriental Education & Technology Group,New Oriental Education & Technology Group Inc,700000.0,56966000,1.181,China,N-PORT
2023-11-30,Micron,Micron Technology Inc,700000.0,53284000,1.1047,United States,N-PORT
2023-11-30,Samsung Electronics,Samsung Electronics Co Ltd,1183100.0,53095756,1.1008,Republic of Korea,N-PORT
2023-11-30,Baidu,Baidu Inc,420000.0,49837200,1.0332,China,N-PORT
2023-11-30,Tsingtao Brewery,Tsingtao Brewery Co Ltd,7000000.0,46240703,0.9587,China,N-PORT
2023-11-30,Infosys,Infosys Ltd,2640000.0,46065754,0.955,India,N-PORT
2023-11-30,Banco Bradesco,Banco Bradesco SA,13700000.0,45621000,0.9458,Brazil,N-PORT
2023-11-30,HCL Technologies,HCL Technologies Ltd,2800000.0,45021599,0.9334,India,N-PORT
2023-11-30,Sociedad Quimica y Minera de Chile,Sociedad Quimica y Minera de Chile SA,800000.0,40192000,0.8333,Chile,N-PORT
2023-11-30,Lupin,Lupin Ltd,2500000.0,38399161,0.7961,India,N-PORT
2023-11-30,Itau Unibanco,Itau Unibanco Holding SA,5952439.0,38095610,0.7898,Brazil,N-PORT
2023-11-30,Grupo Financiero Banorte SAB de CV,Grupo Financiero Banorte SAB de CV,4000000.0,37221407,0.7717,MX,N-PORT
2023-11-30,Petrobras,Petroleo Brasileiro SA,2500000.0,36375000,0.7541,Brazil,N-PORT
2023-11-30,Buenaventura,Cia de Minas Buenaventura SAA,3217400.0,30693996,0.6363,Peru,N-PORT
2023-11-30,Cemex SAB de CV,Cemex SAB de CV,4300000.0,29713000,0.616,MX,N-PORT
2023-11-30,Jio Financial Services,Jio Financial Services Ltd,10500000.0,28883459,0.5988,India,N-PORT
2023-11-30,Coca-Cola Femsa SAB de CV,Coca-Cola Femsa SAB de CV,300000.0,25395000,0.5265,MX,N-PORT
2023-11-30,America Movil SAB de CV,America Movil SAB de CV,1369199.0,24878346,0.5158,MX,N-PORT
2023-11-30,Tata Consumer Products,Tata Consumer Products Ltd,2128276.0,24008701,0.4977,India,N-PORT
2023-11-30,BeiGene,BeiGene Ltd,1615700.0,23145549,0.4798,China,N-PORT
2023-11-30,Akbank TAS,Akbank TAS,19500000.0,22717725,0.471,TR,N-PORT
2023-11-30,Turkcell Iletisim Hizmetleri AS,Turkcell Iletisim Hizmetleri AS,4449485.0,22158435,0.4594,TR,N-PORT
2023-11-30,TIM /Brazil,TIM SA/Brazil,1244820.0,21946177,0.455,BR,N-PORT
2023-11-30,Telefonica Brasil,Telefonica Brasil SA,2050000.0,21935000,0.4548,Brazil,N-PORT
2023-11-30,Tata Chemicals,Tata Chemicals Ltd,1866909.0,21725151,0.4504,India,N-PORT
2023-11-30,Alibaba,Alibaba Group Holding Ltd,2300000.0,21420890,0.4441,China,N-PORT
2023-11-30,ANTA Sports Products,ANTA Sports Products Ltd,2000000.0,20854403,0.4323,China,N-PORT
2023-11-30,Trip.com Group,Trip.com Group Ltd,582400.0,20488832,0.4248,China,N-PORT
2023-11-30,BRF,BRF SA,6850000.0,20002000,0.4147,Brazil,N-PORT
2023-11-30,Uni-President China,Uni-President China Holdings Ltd,31186000.0,19962106,0.4138,China,N-PORT
2023-11-30,United Breweries,United Breweries Ltd,1000000.0,19747283,0.4094,India,N-PORT
2023-11-30,Samsung Life Insurance,Samsung Life Insurance Co Ltd,360939.0,19583560,0.406,Republic of Korea,N-PORT
2023-11-30,LG Uplus,LG Uplus Corp,2403542.0,19561439,0.4055,Republic of Korea,N-PORT
2023-11-30,Kunlun Energy,Kunlun Energy Co Ltd,21000000.0,19410341,0.4024,China,N-PORT
2023-11-30,Grupo Televisa,Grupo Televisa SAB,6017000.0,19374740,0.4017,Mexico,N-PORT
2023-11-30,Aurobindo Pharma,Aurobindo Pharma Ltd,1500000.0,18734318,0.3884,India,N-PORT
2023-11-30,Sohu.com,Sohu.com Ltd,2219642.0,17801529,0.3691,China,N-PORT
2023-11-30,Banco Santander Brasil,Banco Santander Brasil SA,2751128.0,17222061,0.357,Brazil,N-PORT
2023-11-30,Tingyi Cayman Islands Holding,Tingyi Cayman Islands Holding Corp,13000000.0,16359633,0.3392,China,N-PORT
2023-11-30,Naspers,Naspers Ltd,86398.0,15919781,0.33,South Africa,N-PORT
2023-11-30,Sinopec,China Petroleum & Chemical Corp,30000000.0,15439171,0.3201,China,N-PORT
2023-11-30,Cresud,Cresud SACIF y A,1660184.0,14991462,0.3108,Argentina,N-PORT
2023-11-30,Weibo,Weibo Corp,1450000.0,14659500,0.3039,China,N-PORT
2023-11-30,Ping An Insurance Group Co of China,Ping An Insurance Group Co of China Ltd,3000000.0,13826124,0.2866,CN,N-PORT
2023-11-30,Turkiye Sise ve Cam Fabrikalari AS,Turkiye Sise ve Cam Fabrikalari AS,7651443.0,13053050,0.2706,TR,N-PORT
2023-11-30,TAL Education Group,TAL Education Group,1030000.0,12905900,0.2676,China,N-PORT
2023-11-30,IRSA,IRSA Inversiones y Representaciones SA,1338977.0,11890116,0.2465,Argentina,N-PORT
2023-11-30,PetroChina,PetroChina Co Ltd,18000000.0,11821336,0.2451,China,N-PORT
2023-11-30,Rio Tinto,Rio Tinto PLC,166832.0,11526423,0.239,Australia,N-PORT
2023-11-30,Innovent Biologics,Innovent Biologics Inc,1880000.0,11023005,0.2285,CN,N-PORT
2023-11-30,Vinda International Holdings,Vinda International Holdings Ltd,4300000.0,11009691,0.2283,Hong Kong,N-PORT
2023-11-30,Glenmark Pharmaceuticals,Glenmark Pharmaceuticals Ltd,1167988.0,10923747,0.2265,India,N-PORT
2023-11-30,iShares MSCI Turkey ETF,iShares MSCI Turkey ETF,290275.0,10237999,0.2123,Argentina,N-PORT
2023-11-30,KB Financial,KB Financial Group Inc,245928.0,9905980,0.2054,Republic of Korea,N-PORT
2023-11-30,Rumo,Rumo SA,1905351.0,8864708,0.1838,Brazil,N-PORT
2023-11-30,Shinhan Financial,Shinhan Financial Group Co Ltd,300000.0,8580398,0.1779,Republic of Korea,N-PORT
2023-11-30,Tata Consultancy Services,Tata Consultancy Services Ltd,200000.0,8364176,0.1734,India,N-PORT
2023-11-30,Eletrobras,Centrais Eletricas Brasileiras SA,989541.0,8193399,0.1699,Brazil,N-PORT
2023-11-30,Tencent Music Entertainment Group,Tencent Music Entertainment Group,950000.0,8084500,0.1676,China,N-PORT
2023-11-30,Kakao,Kakao Corp,200000.0,7828547,0.1623,Republic of Korea,N-PORT
2023-11-30,Zee Entertainment Enterprises,Zee Entertainment Enterprises Ltd,2530000.0,7678549,0.1592,India,N-PORT
2023-11-30,Embraer,Embraer SA,420704.0,7358113,0.1525,Brazil,N-PORT
2023-11-30,Hengan International Group,Hengan International Group Co Ltd,2000000.0,7297121,0.1513,China,N-PORT
2023-11-30,Lotte,Lotte Corp,300000.0,6510871,0.135,Republic of Korea,N-PORT
2023-11-30,iQIYI,iQIYI Inc,1450000.0,6510500,0.135,China,N-PORT
2023-11-30,Credicorp,Credicorp Ltd,50000.0,6276500,0.1301,Peru,N-PORT
2023-11-30,Meituan,Meituan,500000.0,5799291,0.1202,CN,N-PORT
2023-11-30,Braskem,Braskem SA,1470000.0,5749129,0.1192,BR,N-PORT
2023-11-30,Lotte Wellfood,Lotte Wellfood Co Ltd,60000.0,5743518,0.1191,Republic of Korea,N-PORT
2023-11-30,FIT Hon Teng,FIT Hon Teng Ltd,38000000.0,5740402,0.119,TW,N-PORT
2023-11-30,Usinas Siderurgicas de Minas Gerais S/A Usiminas,Usinas Siderurgicas de Minas Gerais S/A Usiminas,3235733.0,5167128,0.1071,BR,N-PORT
2023-11-30,DiDi Global,DiDi Global Inc,1278300.0,5074851,0.1052,China,N-PORT
2023-11-30,Lotte Chilsung Beverage,Lotte Chilsung Beverage Co Ltd,44000.0,5040654,0.1045,Republic of Korea,N-PORT
2023-11-30,Cia Cervecerias Unidas,Cia Cervecerias Unidas SA,410528.0,5028968,0.1043,Chile,N-PORT
2023-11-30,XP,XP Inc,211715.0,4930842,0.1022,Brazil,N-PORT
2023-11-30,Turkcell Iletisim Hizmetleri AS,Turkcell Iletisim Hizmetleri AS,2427827.0,4864020,0.1008,TR,N-PORT
2023-11-30,Full Truck Alliance,Full Truck Alliance Co Ltd,500000.0,3745000,0.0776,China,N-PORT
2023-11-30,Kakaopay,Kakaopay Corp,100000.0,3573228,0.0741,Republic of Korea,N-PORT
2023-11-30,Griffin Mining,Griffin Mining Ltd,3056187.0,3244816,0.0673,United Kingdom,N-PORT
2023-11-30,Aluminium Bahrain BSC,Aluminium Bahrain BSC,221400.0,3171245,0.0657,BH,N-PORT
2023-11-30,China Tower,China Tower Corp Ltd,30000000.0,3110878,0.0645,China,N-PORT
2023-11-30,Tianjin Development Holdings,Tianjin Development Holdings Ltd,15885550.0,2989484,0.062,China,N-PORT
2023-11-30,Woodside Energy Group,Woodside Energy Group Ltd,137332.0,2791960,0.0579,Australia,N-PORT
2023-11-30,UEM Sunrise Bhd,UEM Sunrise Bhd,17000000.0,2590407,0.0537,MY,N-PORT
2023-11-30,Sun Art Retail Group,Sun Art Retail Group Ltd,15079500.0,2567528,0.0532,China,N-PORT
2023-11-30,Astra Agro Lestari Tbk,Astra Agro Lestari Tbk PT,4232300.0,2073854,0.043,ID,N-PORT
2023-11-30,Guangshen Railway,Guangshen Railway Co Ltd,11000000.0,2041914,0.0423,China,N-PORT
2023-11-30,ZhongAn Online P&C Insurance,ZhongAn Online P&C Insurance Co Ltd,739600.0,1865262,0.0387,CN,N-PORT
2023-11-30,Shanghai Junshi Biosciences,Shanghai Junshi Biosciences Co Ltd,600000.0,1801237,0.0373,CN,N-PORT
2023-11-30,Cablevision Holding,Cablevision Holding SA,443972.0,1628984,0.0338,Argentina,N-PORT
2023-11-30,Atacadao,Atacadao SA,500000.0,1155007,0.0239,Brazil,N-PORT
2023-11-30,AES Brasil Energia,AES Brasil Energia SA,518861.0,1144814,0.0237,Brazil,N-PORT
2023-11-30,IRSA,IRSA Inversiones y Representaciones SA,1637840.0,917190,0.019,Argentina,N-PORT
2023-11-30,Turk Telekomunikasyon AS,Turk Telekomunikasyon AS,951192.0,787300,0.0163,TR,N-PORT
2023-11-30,VEON,VEON Ltd,29290.0,587850,0.0122,Netherlands,N-PORT
2023-11-30,Sitios Latinoamerica SAB de CV,Sitios Latinoamerica SAB de CV,1369199.0,564439,0.0117,MX,N-PORT
2023-11-30,Grupo Clarin,Grupo Clarin SA,131213.0,222322,0.0046,Argentina,N-PORT
2023-11-30,Joinn Laboratories China,Joinn Laboratories China Co Ltd,120187.0,209869,0.0044,China,N-PORT
2023-11-30,D-MARKET Elektronik Hizmetler ve Ticaret AS,D-MARKET Elektronik Hizmetler ve Ticaret AS,144600.0,202440,0.0042,TR,N-PORT
2023-11-30,Indiabulls Real Estate,Indiabulls Real Estate Ltd,102021.0,101417,0.0021,India,N-PORT
2023-11-30,Kangji Medical Holdings,Kangji Medical Holdings Ltd,3000.0,2865,0.0001,China,N-PORT
2023-11-30,Rosneft,Rosneft Oil Co PJSC,14555684.0,0,0.0,Russia,N-PORT
2023-11-30,Surgutneftegas,Surgutneftegas PJSC,2014441.0,0,0.0,Russia,N-PORT
2023-11-30,Etalon Group,Etalon Group PLC,1616300.0,0,0.0,RU,N-PORT
2023-11-30,LUKOIL,LUKOIL PJSC,492501.0,0,0.0,Russia,N-PORT
2023-11-30,Indian Oil,Indian Oil Corp Ltd,172132.0,0,0.0,US,N-PORT
2023-11-30,Sberbank,Sberbank of Russia PJSC,12000000.0,0,0.0,Russia,N-PORT
2023-11-30,Gazprom,Gazprom PJSC,29200000.0,0,0.0,Russia,N-PORT
2023-11-30,Transneft PJSC,Transneft PJSC,12000.0,0,0.0,RU,N-PORT
2023-11-30,EL5-ENERO PJSC,EL5-ENERO PJSC,1058050.0,0,0.0,RU,N-PORT
2023-11-30,T Plus PJSC,T Plus PJSC,36096.0,0,0.0,RU,N-PORT
2023-11-30,Yandex NV,Yandex NV,920000.0,0,0.0,RU,N-PORT
2023-11-30,VK,VK Co Ltd,551200.0,0,0.0,RU,N-PORT
2023-11-30,Oil & Natural Gas,Oil & Natural Gas Corp Ltd,254590.0,0,0.0,LU,N-PORT
2023-11-30,Sberbank,Sberbank of Russia PJSC,3200000.0,0,0.0,Russia,N-PORT
2024-11-30,TSMC,Taiwan Semiconductor Manufacturing Co Ltd,31000000.0,965977279,18.4346,Taiwan,N-PORT
2024-11-30,SK Hynix,SK Hynix Inc,3490000.0,407469075,7.7761,South Korea,N-PORT
2024-11-30,SK Square,SK Square Co Ltd,7031497.0,376221929,7.1798,South Korea,N-PORT
2024-11-30,Reliance Industries,Reliance Industries Ltd,21000000.0,322241261,6.1496,India,N-PORT
2024-11-30,MediaTek,MediaTek Inc,5500000.0,215953286,4.1212,Taiwan,N-PORT
2024-11-30,Samsung Electronics,Samsung Electronics Co Ltd,5200000.0,204480784,3.9023,South Korea,N-PORT
2024-11-30,Alibaba,Alibaba Group Holding Ltd,1940000.0,169497800,3.2347,China,N-PORT
2024-11-30,Reliance Industries,Reliance Industries Ltd,2340879.0,141155004,2.6938,India,N-PORT
2024-11-30,Tencent,Tencent Holdings Ltd,2684000.0,138610516,2.6452,China,N-PORT
2024-11-30,PDD Holdings,PDD Holdings Inc,1000000.0,96560000,1.8427,China,N-PORT
2024-11-30,Samsung C&T,Samsung C&T Corp,1059195.0,90848684,1.7337,South Korea,N-PORT
2024-11-30,Petrobras,Petroleo Brasileiro SA,5900000.0,76936000,1.4682,Brazil,N-PORT
2024-11-30,SK Telecom,SK Telecom Co Ltd,2991174.0,72446234,1.3826,South Korea,N-PORT
2024-11-30,Micron,Micron Technology Inc,700000.0,68565000,1.3085,United States,N-PORT
2024-11-30,Baidu,Baidu Inc,796126.0,67710516,1.2922,China,N-PORT
2024-11-30,Fomento Economico Mexicano SAB de CV,Fomento Economico Mexicano SAB de CV,688329.0,61529729,1.1742,MX,N-PORT
2024-11-30,Lupin,Lupin Ltd,2500000.0,60745887,1.1593,India,N-PORT
2024-11-30,Infosys,Infosys Ltd,2640000.0,58224322,1.1111,India,N-PORT
2024-11-30,Astra International Tbk,Astra International Tbk PT,180000000.0,57989721,1.1067,ID,N-PORT
2024-11-30,TAL Education Group,TAL Education Group,5361736.0,53242038,1.0161,China,N-PORT
2024-11-30,JD.com,JD.com Inc,1400000.0,52332000,0.9987,China,N-PORT
2024-11-30,Grab Holdings,Grab Holdings Ltd,10000000.0,50000000,0.9542,Singapore,N-PORT
2024-11-30,Petrobras,Petroleo Brasileiro SA,3200000.0,45696000,0.8721,Brazil,N-PORT
2024-11-30,Akbank TAS,Akbank TAS,25000000.0,43845428,0.8367,TR,N-PORT
2024-11-30,New Oriental Education & Technology Group,New Oriental Education & Technology Group Inc,741981.0,43272332,0.8258,China,N-PORT
2024-11-30,Samsung Electronics,Samsung Electronics Co Ltd,1183100.0,39544987,0.7547,South Korea,N-PORT
2024-11-30,HCL Technologies,HCL Technologies Ltd,1800000.0,39491610,0.7537,India,N-PORT
2024-11-30,Buenaventura,Cia de Minas Buenaventura SAA,3217400.0,38930540,0.7429,Peru,N-PORT
2024-11-30,Trip.com Group,Trip.com Group Ltd,582400.0,37652160,0.7185,China,N-PORT
2024-11-30,Hon Hai Precision,Hon Hai Precision Industry Co Ltd,6000000.0,36538136,0.6973,Taiwan,N-PORT
2024-11-30,Tata Consultancy Services,Tata Consultancy Services Ltd,680000.0,34443337,0.6573,India,N-PORT
2024-11-30,Itau Unibanco,Itau Unibanco Holding SA,5952439.0,31905073,0.6089,Brazil,N-PORT
2024-11-30,Tsingtao Brewery,Tsingtao Brewery Co Ltd,5000000.0,31298201,0.5973,China,N-PORT
2024-11-30,Sociedad Quimica y Minera de Chile,Sociedad Quimica y Minera de Chile SA,800000.0,30768000,0.5872,Chile,N-PORT
2024-11-30,Banco Bradesco,Banco Bradesco SA,14200000.0,30246000,0.5772,Brazil,N-PORT
2024-11-30,Samsung Life Insurance,Samsung Life Insurance Co Ltd,390000.0,30045548,0.5734,South Korea,N-PORT
2024-11-30,Turkcell Iletisim Hizmetleri AS,Turkcell Iletisim Hizmetleri AS,4449485.0,29500086,0.563,TR,N-PORT
2024-11-30,Sohu.com,Sohu.com Ltd,2219642.0,28877542,0.5511,China,N-PORT
2024-11-30,Cemex SAB de CV,Cemex SAB de CV,5100000.0,28407000,0.5421,MX,N-PORT
2024-11-30,BRF,BRF SA,6850000.0,28290500,0.5399,Brazil,N-PORT
2024-11-30,Uni-President China,Uni-President China Holdings Ltd,31186000.0,27578365,0.5263,China,N-PORT
2024-11-30,BeiGene,BeiGene Ltd,1615700.0,26975534,0.5148,China,N-PORT
2024-11-30,Grupo Financiero Banorte SAB de CV,Grupo Financiero Banorte SAB de CV,4000000.0,26835530,0.5121,MX,N-PORT
2024-11-30,IRSA,IRSA Inversiones y Representaciones SA,1476098.495385,25285567,0.4825,Argentina,N-PORT
2024-11-30,Tata Chemicals,Tata Chemicals Ltd,1866909.0,24615248,0.4698,India,N-PORT
2024-11-30,Tata Consumer Products,Tata Consumer Products Ltd,2128276.0,24206946,0.462,India,N-PORT
2024-11-30,Coca-Cola Femsa SAB de CV,Coca-Cola Femsa SAB de CV,300000.0,23889000,0.4559,MX,N-PORT
2024-11-30,United Breweries,United Breweries Ltd,1000000.0,23128031,0.4414,India,N-PORT
2024-11-30,Jio Financial Services,Jio Financial Services Ltd,5785587.0,22558603,0.4305,India,N-PORT
2024-11-30,Aurobindo Pharma,Aurobindo Pharma Ltd,1500000.0,22470834,0.4288,India,N-PORT
2024-11-30,BSE,BSE Ltd,402650.0,22345566,0.4264,India,N-PORT
2024-11-30,Saudi Arabian Oil Co,Saudi Arabian Oil Co,3022827.0,22095004,0.4217,SA,N-PORT
2024-11-30,Cresud,Cresud SACIF y A,1676544.0,21677714,0.4137,Argentina,N-PORT
2024-11-30,Glenmark Pharmaceuticals,Glenmark Pharmaceuticals Ltd,1167988.0,21164202,0.4039,India,N-PORT
2024-11-30,America Movil SAB de CV,America Movil SAB de CV,1369199.0,20305221,0.3875,MX,N-PORT
2024-11-30,LG Uplus,LG Uplus Corp,2403542.0,20001970,0.3817,South Korea,N-PORT
2024-11-30,Kunlun Energy,Kunlun Energy Co Ltd,21000000.0,19874068,0.3793,China,N-PORT
2024-11-30,Naspers,Naspers Ltd,86398.0,19508336,0.3723,South Africa,N-PORT
2024-11-30,Wal-Mart de Mexico SAB de CV,Wal-Mart de Mexico SAB de CV,7000000.0,18627572,0.3555,MX,N-PORT
2024-11-30,KB Financial,KB Financial Group Inc,245928.0,16951817,0.3235,South Korea,N-PORT
2024-11-30,Telefonica Brasil,Telefonica Brasil SA,2050000.0,16830500,0.3212,Brazil,N-PORT
2024-11-30,Tingyi Cayman Islands Holding,Tingyi Cayman Islands Holding Corp,13000000.0,16342511,0.3119,China,N-PORT
2024-11-30,Sinopec,China Petroleum & Chemical Corp,30000000.0,16121518,0.3077,China,N-PORT
2024-11-30,Embraer,Embraer SA,420704.0,16083514,0.3069,Brazil,N-PORT
2024-11-30,TIM /Brazil,TIM SA/Brazil,1244820.0,16058178,0.3065,BR,N-PORT
2024-11-30,FIT Hon Teng,FIT Hon Teng Ltd,38000000.0,15673867,0.2991,TW,N-PORT
2024-11-30,LG Chem,LG Chem Ltd,75000.0,15344538,0.2928,South Korea,N-PORT
2024-11-30,Vale,Vale SA,1500000.0,14790000,0.2823,Brazil,N-PORT
2024-11-30,Weibo,Weibo Corp,1450000.0,13920000,0.2656,China,N-PORT
2024-11-30,PetroChina,PetroChina Co Ltd,18000000.0,12816028,0.2446,China,N-PORT
2024-11-30,Grupo Televisa,Grupo Televisa SAB,6017000.0,12094170,0.2308,Mexico,N-PORT
2024-11-30,Shinhan Financial,Shinhan Financial Group Co Ltd,300000.0,11495133,0.2194,South Korea,N-PORT
2024-11-30,Banco Santander Brasil,Banco Santander Brasil SA,2751128.0,11444692,0.2184,Brazil,N-PORT
2024-11-30,Credicorp,Credicorp Ltd,60000.0,11128200,0.2124,Peru,N-PORT
2024-11-30,Tencent Music Entertainment Group,Tencent Music Entertainment Group,950000.0,10839500,0.2069,China,N-PORT
2024-11-30,iShares MSCI Turkey ETF,iShares MSCI Turkey ETF,290275.0,10589232,0.2021,US,N-PORT
2024-11-30,Meituan,Meituan,500000.0,10546640,0.2013,CN,N-PORT
2024-11-30,Turkiye Sise ve Cam Fabrikalari AS,Turkiye Sise ve Cam Fabrikalari AS,7651443.0,8965578,0.1711,TR,N-PORT
2024-11-30,Turkcell Iletisim Hizmetleri AS,Turkcell Iletisim Hizmetleri AS,2427827.0,6346942,0.1211,TR,N-PORT
2024-11-30,Rumo,Rumo SA,1905351.0,6083266,0.1161,Brazil,N-PORT
2024-11-30,DiDi Global,DiDi Global Inc,1278300.0,6033576,0.1151,China,N-PORT
2024-11-30,Kakao,Kakao Corp,200000.0,5762906,0.11,South Korea,N-PORT
2024-11-30,BlackRock Liquidity FedFund,BlackRock Liquidity FedFund,5741574.99,5741575,0.1096,US,N-PORT
2024-11-30,Goldman Sachs Financial Square Government Fund,Goldman Sachs Financial Square Government Fund,5741574.99,5741575,0.1096,US,N-PORT
2024-11-30,Eletrobras,Centrais Eletricas Brasileiras SA,989541.0,5650279,0.1078,Brazil,N-PORT
2024-11-30,Griffin Mining,Griffin Mining Ltd,3056187.0,5521060,0.1054,United Kingdom,N-PORT
2024-11-30,Zee Entertainment Enterprises,Zee Entertainment Enterprises Ltd,3530000.0,5416566,0.1034,India,N-PORT
2024-11-30,Lotte Wellfood,Lotte Wellfood Co Ltd,60000.0,4818338,0.092,South Korea,N-PORT
2024-11-30,Cia Cervecerias Unidas,Cia Cervecerias Unidas SA,410528.0,4704651,0.0898,Chile,N-PORT
2024-11-30,Lotte,Lotte Corp,300000.0,4503811,0.086,South Korea,N-PORT
2024-11-30,Aluminium Bahrain BSC,Aluminium Bahrain BSC,221400.0,4066299,0.0776,BH,N-PORT
2024-11-30,Tianjin Development Holdings,Tianjin Development Holdings Ltd,15885550.0,3917399,0.0748,China,N-PORT
2024-11-30,Lotte Chilsung Beverage,Lotte Chilsung Beverage Co Ltd,44000.0,3817194,0.0728,South Korea,N-PORT
2024-11-30,UEM Sunrise Bhd,UEM Sunrise Bhd,17000000.0,3732079,0.0712,MY,N-PORT
2024-11-30,Braskem,Braskem SA,1470000.0,3659852,0.0698,BR,N-PORT
2024-11-30,Usinas Siderurgicas de Minas Gerais S/A Usiminas,Usinas Siderurgicas de Minas Gerais S/A Usiminas,3235733.0,3285854,0.0627,BR,N-PORT
2024-11-30,iQIYI,iQIYI Inc,1450000.0,3132000,0.0598,China,N-PORT
2024-11-30,IRSA,IRSA Inversiones y Representaciones SA,1637840.0,3030004,0.0578,Argentina,N-PORT
2024-11-30,Full Truck Alliance,Full Truck Alliance Co Ltd,300000.0,3003000,0.0573,China,N-PORT
2024-11-30,Guangshen Railway,Guangshen Railway Co Ltd,11000000.0,2963674,0.0566,China,N-PORT
2024-11-30,XP,XP Inc,211715.0,2866621,0.0547,Brazil,N-PORT
2024-11-30,Cablevision Holding,Cablevision Holding SA,443972.0,2832987,0.0541,Argentina,N-PORT
2024-11-30,Ollamani SAB,Ollamani SAB,1504250.0,2677517,0.0511,Mexico,N-PORT
2024-11-30,LG Chem,LG Chem Ltd,18000.0,2459638,0.0469,South Korea,N-PORT
2024-11-30,Woodside Energy Group,Woodside Energy Group Ltd,137332.0,2202805,0.042,Australia,N-PORT
2024-11-30,Kakaopay,Kakaopay Corp,100000.0,1780234,0.034,South Korea,N-PORT
2024-11-30,Turk Telekomunikasyon AS,Turk Telekomunikasyon AS,951192.0,1263606,0.0241,TR,N-PORT
2024-11-30,VEON,VEON Ltd,29290.0,993517,0.019,Netherlands,N-PORT
2024-11-30,AES Brasil Energia,AES Brasil Energia SA,518861.0,675306,0.0129,BR,N-PORT
2024-11-30,Grupo Clarin,Grupo Clarin SA,131213.0,610012,0.0116,Argentina,N-PORT
2024-11-30,Atacadao,Atacadao SA,500000.0,534337,0.0102,Brazil,N-PORT
2024-11-30,D-MARKET Elektronik Hizmetler ve Ticaret AS,D-MARKET Elektronik Hizmetler ve Ticaret AS,144600.0,429462,0.0082,TR,N-PORT
2024-11-30,Sitios Latinoamerica SAB de CV,Sitios Latinoamerica SAB de CV,1369199.0,200395,0.0038,MX,N-PORT
2024-11-30,Equinox India Developments,Equinox India Developments Ltd,102021.0,165354,0.0032,India,N-PORT
2024-11-30,Joinn Laboratories China,Joinn Laboratories China Co Ltd,120187.0,142885,0.0027,China,N-PORT
2024-11-30,Gazprom,Gazprom PJSC,29200000.0,0,0.0,Russia,N-PORT
2024-11-30,T Plus PJSC,T Plus PJSC,36096.0,0,0.0,RU,N-PORT
2024-11-30,Indian Oil,Indian Oil Corp Ltd,172132.0,0,0.0,US,N-PORT
2024-11-30,Surgutneftegas,Surgutneftegas PJSC,2014441.0,0,0.0,Russia,N-PORT
2024-11-30,VK,VK Co Ltd,551200.0,0,0.0,RU,N-PORT
2024-11-30,Oil & Natural Gas,Oil & Natural Gas Corp Ltd,254590.0,0,0.0,LU,N-PORT
2024-11-30,Transneft PJSC,Transneft PJSC,1200000.0,0,0.0,RU,N-PORT
2024-11-30,EL5-ENERO PJSC,EL5-ENERO PJSC,1058050.0,0,0.0,RU,N-PORT
2024-11-30,Rosneft,Rosneft Oil Co PJSC,14555684.0,0,0.0,Russia,N-PORT
2024-11-30,Sberbank,Sberbank of Russia PJSC,12000000.0,0,0.0,Russia,N-PORT
2024-11-30,Sberbank,Sberbank of Russia PJSC,3200000.0,0,0.0,Russia,N-PORT
2024-11-30,LUKOIL,LUKOIL PJSC,492501.0,0,0.0,Russia,N-PORT
2025-11-30,SK Square,SK Square Co Ltd,7031497.0,1424802710,17.8557,South Korea,N-PORT
2025-11-30,TSMC,Taiwan Semiconductor Manufacturing Co Ltd,26000000.0,1192926557,14.9499,Taiwan,N-PORT
2025-11-30,SK Hynix,SK hynix Inc,3100000.0,1117193078,14.0008,South Korea,N-PORT
2025-11-30,Reliance Industries,Reliance Industries Ltd,21000000.0,368009167,4.6119,India,N-PORT
2025-11-30,Samsung Electronics,Samsung Electronics Co Ltd,5200000.0,355353075,4.4533,South Korea,N-PORT
2025-11-30,Samsung C&T,Samsung C&T Corp,2017831.0,308715177,3.8688,South Korea,N-PORT
2025-11-30,Alibaba,Alibaba Group Holding Ltd,1940000.0,305162000,3.8243,China,N-PORT
2025-11-30,Tencent,Tencent Holdings Ltd,2684000.0,210806548,2.6418,China,N-PORT
2025-11-30,MediaTek,MediaTek Inc,3900000.0,173347140,2.1724,Taiwan,N-PORT
2025-11-30,Reliance Industries,Reliance Industries Ltd,2340879.0,165266057,2.0711,India,N-PORT
2025-11-30,Baidu,Baidu Inc,845000.0,98772050,1.2378,China,N-PORT
2025-11-30,Micron,Micron Technology Inc,400000.0,94592000,1.1854,United States,N-PORT
2025-11-30,PDD Holdings,PDD Holdings Inc,730000.0,84738400,1.0619,China,N-PORT
2025-11-30,Astra International Tbk,Astra International Tbk PT,180000000.0,70789553,0.8871,ID,N-PORT
2025-11-30,Petrobras,Petroleo Brasileiro SA - Petrobras,5900000.0,70151000,0.8791,Brazil,N-PORT
2025-11-30,Buenaventura,Cia de Minas Buenaventura SAA,2800000.0,69384000,0.8695,Peru,N-PORT
2025-11-30,Fomento Economico Mexicano SAB de CV,Fomento Economico Mexicano SAB de CV,680000.0,65239200,0.8176,MX,N-PORT
2025-11-30,SK Telecom,SK Telecom Co Ltd,2991174.0,60391803,0.7568,South Korea,N-PORT
2025-11-30,Samsung Electronics,Samsung Electronics Co Ltd,1183100.0,60335566,0.7561,South Korea,N-PORT
2025-11-30,Banco Bradesco,Banco Bradesco SA,16200000.0,59940000,0.7512,Brazil,N-PORT
2025-11-30,Lupin,Lupin Ltd,2500000.0,58196149,0.7293,India,N-PORT
2025-11-30,Cemex SAB de CV,Cemex SAB de CV,5100000.0,55029000,0.6896,MX,N-PORT
2025-11-30,LG Chem,LG Chem Ltd,209845.0,53365539,0.6688,South Korea,N-PORT
2025-11-30,Ambev,Ambev SA,21000000.0,53340000,0.6685,Brazil,N-PORT
2025-11-30,Itau Unibanco,Itau Unibanco Holding SA,6547682.0,51071920,0.64,Brazil,N-PORT
2025-11-30,BSE,BSE Ltd,1500000.0,48672126,0.61,India,N-PORT
2025-11-30,TAL Education Group,TAL Education Group,4313912.0,47453032,0.5947,China,N-PORT
2025-11-30,Samsung Life Insurance,Samsung Life Insurance Co Ltd,440000.0,45745759,0.5733,South Korea,N-PORT
2025-11-30,BeOne Medicines,BeOne Medicines Ltd,1615700.0,42500672,0.5326,China,N-PORT
2025-11-30,Trip.com Group,Trip.com Group Ltd,582400.0,40721408,0.5103,China,N-PORT
2025-11-30,JD.com,JD.com Inc,1350000.0,40270500,0.5047,China,N-PORT
2025-11-30,Grupo Financiero Banorte SAB de CV,Grupo Financiero Banorte SAB de CV,4000000.0,38502814,0.4825,MX,N-PORT
2025-11-30,Akbank TAS,Akbank TAS,25000000.0,38087115,0.4773,TR,N-PORT
2025-11-30,Hon Hai Precision,Hon Hai Precision Industry Co Ltd,5000000.0,35924805,0.4502,Taiwan,N-PORT
2025-11-30,Infosys,Infosys Ltd,2000000.0,34883032,0.4372,India,N-PORT
2025-11-30,Sohu.com,Sohu.com Ltd,2219642.0,34226880,0.4289,China,N-PORT
2025-11-30,Sociedad Quimica y Minera de Chile,Sociedad Quimica y Minera de Chile SA,530000.0,34089600,0.4272,Chile,N-PORT
2025-11-30,America Movil SAB de CV,America Movil SAB de CV,1430000.0,33004400,0.4136,MX,N-PORT
2025-11-30,Petrobras,Petroleo Brasileiro SA - Petrobras,2600000.0,32604000,0.4086,Brazil,N-PORT
2025-11-30,Uni-President China,Uni-President China Holdings Ltd,28305000.0,30102227,0.3772,China,N-PORT
2025-11-30,Credicorp,Credicorp Ltd,110000.0,28293100,0.3546,Peru,N-PORT
2025-11-30,Coca-Cola Femsa SAB de CV,Coca-Cola Femsa SAB de CV,320000.0,28067200,0.3517,MX,N-PORT
2025-11-30,Tata Consumer Products,Tata Consumer Products Ltd,2128276.0,27895590,0.3496,India,N-PORT
2025-11-30,IRSA,IRSA Inversiones y Representaciones SA,1751834.734108,27065847,0.3392,Argentina,N-PORT
2025-11-30,Naspers,Naspers Ltd,431990.0,27014696,0.3386,South Africa,N-PORT
2025-11-30,Shinhan Financial,Shinhan Financial Group Co Ltd,500000.0,26518886,0.3323,South Korea,N-PORT
2025-11-30,Embraer,Embraer SA,420704.0,26386555,0.3307,Brazil,N-PORT
2025-11-30,Glenmark Pharmaceuticals,Glenmark Pharmaceuticals Ltd,1167988.0,25413100,0.3185,India,N-PORT
2025-11-30,Turkcell Iletisim Hizmetleri AS,Turkcell Iletisim Hizmetleri AS,4449485.0,24872621,0.3117,TR,N-PORT
2025-11-30,FIT Hon Teng,FIT Hon Teng Ltd,38000000.0,24843141,0.3113,TW,N-PORT
2025-11-30,Tata Consultancy Services,Tata Consultancy Services Ltd,680000.0,23851980,0.2989,India,N-PORT
2025-11-30,HCL Technologies,HCL Technologies Ltd,1300000.0,23605579,0.2958,India,N-PORT
2025-11-30,Wal-Mart de Mexico SAB de CV,Wal-Mart de Mexico SAB de CV,6800000.0,22780613,0.2855,MX,N-PORT
2025-11-30,TIM /Brazil,TIM SA/Brazil,970000.0,22775600,0.2854,BR,N-PORT
2025-11-30,KB Financial,KB Financial Group Inc,245928.0,20926014,0.2622,South Korea,N-PORT
2025-11-30,Grab Holdings,Grab Holdings Ltd,3800000.0,20710000,0.2595,Singapore,N-PORT
2025-11-30,Aurobindo Pharma,Aurobindo Pharma Ltd,1500000.0,20571285,0.2578,India,N-PORT
2025-11-30,Telefonica Brasil,Telefonica Brasil SA,1546853.0,20449397,0.2563,Brazil,N-PORT
2025-11-30,PetroChina,PetroChina Co Ltd,18000000.0,20067689,0.2515,China,N-PORT
2025-11-30,Kunlun Energy,Kunlun Energy Co Ltd,21000000.0,20040716,0.2512,China,N-PORT
2025-11-30,Cresud,Cresud SACIF y A,1643789.0828,19610404,0.2458,Argentina,N-PORT
2025-11-30,New Oriental Education & Technology Group,New Oriental Education & Technology Group Inc,380000.0,19433200,0.2435,China,N-PORT
2025-11-30,United Breweries,United Breweries Ltd,1000000.0,18900472,0.2369,India,N-PORT
2025-11-30,Banco Santander Brasil,Banco Santander Brasil SA,2900000.0,18676000,0.234,Brazil,N-PORT
2025-11-30,Tencent Music Entertainment Group,Tencent Music Entertainment Group,950000.0,17527500,0.2197,China,N-PORT
2025-11-30,Sinopec,China Petroleum & Chemical Corp,30000000.0,16992801,0.213,CN,N-PORT
2025-11-30,Tata Chemicals,Tata Chemicals Ltd,1866909.0,16705598,0.2094,India,N-PORT
2025-11-30,Grupo Televisa,Grupo Televisa SAB,6017000.0,16306070,0.2043,Mexico,N-PORT
2025-11-30,MBRF Global Foods Company,MBRF Global Foods Company SA,4192735.0,15303483,0.1918,Brazil,N-PORT
2025-11-30,Weibo,Weibo Corp,1450000.0,14413000,0.1806,China,N-PORT
2025-11-30,Vale,Vale SA,1000000.0,12610000,0.158,Brazil,N-PORT
2025-11-30,Axia Energia,Axia Energia,989541.0,11627107,0.1457,Brazil,N-PORT
2025-11-30,iShares MSCI Turkey ETF,iShares MSCI Turkey ETF,290275.0,9724212,0.1219,US,N-PORT
2025-11-30,Jio Financial Services,Jio Financial Services Ltd,2534900.0,8677564,0.1087,India,N-PORT
2025-11-30,Kakao,Kakao Corp,200000.0,7982865,0.1,South Korea,N-PORT
2025-11-30,LG Chem,LG Chem Ltd,58307.0,7568630,0.0949,South Korea,N-PORT
2025-11-30,JBS NV,JBS NV,500000.0,7345000,0.092,BR,N-PORT
2025-11-30,DiDi Global,DiDi Global Inc,1278300.0,6838905,0.0857,China,N-PORT
2025-11-30,Turkiye Sise ve Cam Fabrikalari AS,Turkiye Sise ve Cam Fabrikalari AS,7651443.0,6718670,0.0842,TR,N-PORT
2025-11-30,Meituan,Meituan,500000.0,6582623,0.0825,CN,N-PORT
2025-11-30,Rumo,Rumo SA,1905351.0,6028903,0.0756,Brazil,N-PORT
2025-11-30,Lotte,Lotte Corp,300000.0,5599565,0.0702,South Korea,N-PORT
2025-11-30,Cia Cervecerias Unidas,Cia Cervecerias Unidas SA,410528.0,5492865,0.0688,Chile,N-PORT
2025-11-30,Turkcell Iletisim Hizmetleri AS,Turkcell Iletisim Hizmetleri AS,2427827.0,5343918,0.067,TR,N-PORT
2025-11-30,Tianjin Development Holdings,Tianjin Development Holdings Ltd,15885550.0,5100907,0.0639,China,N-PORT
2025-11-30,Ollamani SAB,Ollamani SAB,1504250.0,5005673,0.0627,Mexico,N-PORT
2025-11-30,Lotte Wellfood,Lotte Wellfood Co Ltd,60000.0,4932513,0.0618,South Korea,N-PORT
2025-11-30,XP,XP Inc,211715.0,4172903,0.0523,Brazil,N-PORT
2025-11-30,Zee Entertainment Enterprises,Zee Entertainment Enterprises Ltd,3530000.0,4004462,0.0502,India,N-PORT
2025-11-30,Lotte Chilsung Beverage,Lotte Chilsung Beverage Co Ltd,44000.0,3581274,0.0449,South Korea,N-PORT
2025-11-30,Kakaopay,Kakaopay Corp,100000.0,3372658,0.0423,South Korea,N-PORT
2025-11-30,Usinas Siderurgicas de Minas Gerais S/A Usiminas,Usinas Siderurgicas de Minas Gerais S/A Usiminas,3235733.0,3291593,0.0413,BR,N-PORT
2025-11-30,iQIYI,iQIYI Inc,1450000.0,3175500,0.0398,China,N-PORT
2025-11-30,Aluminium Bahrain BSC,Aluminium Bahrain BSC,221400.0,3141887,0.0394,BH,N-PORT
2025-11-30,Guangshen Railway,Guangshen Railway Co Ltd,11000000.0,3094154,0.0388,China,N-PORT
2025-11-30,Tingyi Cayman Islands Holding,Tingyi Cayman Islands Holding Corp,1994000.0,3055419,0.0383,China,N-PORT
2025-11-30,UEM Sunrise Bhd,UEM Sunrise Bhd,17000000.0,2447671,0.0307,MY,N-PORT
2025-11-30,Cablevision Holding,Cablevision Holding SA,443972.0,2283125,0.0286,Argentina,N-PORT
2025-11-30,Woodside Energy Group,Woodside Energy Group Ltd,137332.0,2246752,0.0282,Australia,N-PORT
2025-11-30,Braskem,Braskem SA,1470000.0,2079208,0.0261,BR,N-PORT
2025-11-30,VEON,VEON Ltd,29290.0,1563793,0.0196,Netherlands,N-PORT
2025-11-30,Turk Telekomunikasyon AS,Turk Telekomunikasyon AS,951192.0,1247703,0.0156,TR,N-PORT
2025-11-30,Auren Energia,Auren Energia SA,350225.0,807679,0.0101,Brazil,N-PORT
2025-11-30,Grupo Clarin,Grupo Clarin SA,131213.0,460183,0.0058,Argentina,N-PORT
2025-11-30,BlackRock Liquidity FedFund,BlackRock Liquidity FedFund,448305.73,448306,0.0056,US,N-PORT
2025-11-30,Goldman Sachs Financial Square Government Fund,Goldman Sachs Financial Square Government Fund,448305.73,448306,0.0056,US,N-PORT
2025-11-30,D-MARKET Elektronik Hizmetler ve Ticaret AS,D-MARKET Elektronik Hizmetler ve Ticaret AS,144600.0,339810,0.0043,TR,N-PORT
2025-11-30,Sitios Latinoamerica SAB de CV,Sitios Latinoamerica SAB de CV,1369199.0,335922,0.0042,MX,N-PORT
2025-11-30,Transneft PJSC,Transneft PJSC,1200000.0,0,0.0,RU,N-PORT
2025-11-30,EL5-ENERO PJSC,EL5-ENERO PJSC,1058050.0,0,0.0,RU,N-PORT
2025-11-30,Rosneft,Rosneft Oil Co PJSC,14555684.0,0,0.0,Russia,N-PORT
2025-11-30,Gazprom,Gazprom PJSC,29200000.0,0,0.0,Russia,N-PORT
2025-11-30,VK IPJSC,VK IPJSC,551200.0,0,0.0,RU,N-PORT
2025-11-30,LUKOIL,LUKOIL PJSC,492501.0,0,0.0,Russia,N-PORT
2025-11-30,Sberbank,Sberbank of Russia PJSC,3200000.0,0,0.0,Russia,N-PORT
2025-11-30,Indian Oil,Indian Oil Corp Ltd,172132.0,0,0.0,US,N-PORT
2025-11-30,Oil & Natural Gas,Oil & Natural Gas Corp Ltd,254590.0,0,0.0,LU,N-PORT
2025-11-30,T Plus PJSC,T Plus PJSC,36096.0,0,0.0,RU,N-PORT
2025-11-30,Surgutneftegas,Surgutneftegas PJSC,2014441.0,0,0.0,Russia,N-PORT
2025-11-30,Sberbank,Sberbank of Russia PJSC,12000000.0,0,0.0,Russia,N-PORT
